ID;Artículo;Existencias
635;CREMAS-CREMA BIOMILK;1
798;CREMAS-CREMA SATINADA BOSLEY;9
634;CREMAS-CREMAS CABALLERO SURTIDAS; 
922;CREMAS-PEARL COLLECTION- ALMENDRAS;9
875;CREMAS-PEARL COLLECTION- AVENA;10
636;CREMAS-PEARL COLLECTION- FLOR DE CEREZO;8
1036;CREMAS-PEARL COLLECTION- FRUTOS ROJOS;9
773;PM-SHIMMER PINK-FEM; 
800;PM-SHIMMER SCANDALOUS-FEM; 
799;PM-SHIMMER VELVET-FEMENINO; 
919;PM-SPLASH AQUA KISS-FEM;4
572;PM-SPLASH ARRURU-UNI;2
157;PM-SPLASH BATMAN-NIŃO;4
568;PM-SPLASH BLUE SEDUCTION-MAS;1
567;PM-SPLASH BLUE SQUAD-MAS;2
592;PM-SPLASH BOSS BOTTLE UNL-MAS;5
918;PM-SPLASH BUBBLE GUMMER-UNI;1
583;PM-SPLASH BUENA CHICA-FEM;6
733;PM-SPLASH CAN CAN-FEM;7
18;PM-SPLASH CAPITAN AMERICA-NIŃO;5
497;PM-SPLASH CARNAVAL 62-FEM;9
350;PM-SPLASH CARNAVAL 68-FEM;6
588;PM-SPLASH CHIFON ROSA-FEM;5
859;PM-SPLASH CHOCOLATE-FEM;4
584;PM-SPLASH CITRUS MELON-FEM;10
576;PM-SPLASH COCO VAINILLA-FEM;
573;PM-SPLASH COCONUT PASSION-FEM;9
589;PM-SPLASH FRESA-FEM;8
914;PM-SPLASH FROZEN-NIŃA;
591;PM-SPLASH FRUITS-FEM;10
571;PM-SPLASH GIRL POWER-FEM;
569;PM-SPLASH GLAM ANGEL-FEM;6
734;PM-SPLASH HEIRESS-FEM;8
596;PM-SPLASH INVICTUS-MAS;5
817;PM-SPLASH JUICED BERRY-FEM;3
594;PM-SPLASH LACOSTE RED-MAS;9
587;PM-SPLASH MANGO-FEM;10
203;PM-SPLASH MARIO BROSS-NIŃO;
916;PM-SPLASH MONSTER HIGHT-NIŃA;1
597;PM-SPLASH NAUTICO-MAS;10
595;PM-SPLASH NOT SEET-MAS;10
580;PM-SPLASH PARIS PASSION-FEM;
586;PM-SPLASH PERA-FEM;3
566;PM-SPLASH PHANTOM LEGION-MAS;2
582;PM-SPLASH PINK-FEM;5
581;PM-SPLASH PONY STRUCKS-FEM;4
593;PM-SPLASH POWER MIX-MAS;2
735;PM-SPLASH PURE SEDUCTION-FEM;7
590;PM-SPLASH SANDIA-FEM;7
201;PM-SPLASH SAUVAGE-MAS;8
816;PM-SPLASH SCANDALOUS-FEM;4
915;PM-SPLASH SIRENITA-NIŃA;3
917;PM-SPLASH SUAVE CARICIA-UNI;3
585;PM-SPLASH TALCO-FEM;6
574;PM-SPLASH V DAME AMOR-FEM;2
575;PM-SPLASH V RUSH-FEM;9
579;PM-SPLASH V SEDUCTORA-FEM;8
578;PM-SPLASH VAINILLA-FEM;7
818;PM-SPLASH VELVET PETALS-FEM;10
577;PM-SPLASH VERY SEXY-FEM;9
323;PURPURE-BRILLI BRILLI-BOM BOM DORADO;
1067;PURPURE-BRILLI BRILLI-COCO BLANCO;1
1068;PURPURE-BRILLI BRILLI-FRUTAL MORADO;1
1069;PURPURE-BRILLI BRILLI-VAINILLA ROJO;
564;PURPURE-MANTEQUILLA-CANDY BUM;
324;PURPURE-MANTEQUILLA-COCONUT SHINE;1
325;PURPURE-MANTEQUILLA-GIRLBOSS;
1086;PURPURE-MANTEQUILLA-SWEET LYCHE;
1082;PURPURE-MINI MANTEQUILLA BELLOTA-BUBBLE GUM;1
1084;PURPURE-MINI MANTEQUILLA BELLOTA-CANDY BUM;
1083;PURPURE-MINI MANTEQUILLA BELLOTA-CARAMEL CRUSH;1
1085;PURPURE-MINI MANTEQUILLA BELLOTA-STRAWBERRY;1
874;PURPURE-MINI MANTEQUILLA BELLOTA-WATERMELON;
888;PURPURE-MINI MANTEQUILLA-BIRTHDAY CAKE;
889;PURPURE-MINI MANTEQUILLA-BUBBLE GUM;1
1081;PURPURE-MINI MANTEQUILLA-COCONUT SHINE;
1079;PURPURE-MINI MANTEQUILLA-GIRLBOSS;2
1080;PURPURE-MINI MANTEQUILLA-SEXY CHAMPAGNE;1
1077;PURPURE-MINI MANTEQUILLA-VAINILLA CHILL;1
1078;PURPURE-MINI MANTEQUILLA-WATERMELON;
1075;PURPURE-MINI SPLASH-ADDICTION GIRL;1
1073;PURPURE-MINI SPLASH-BIRTHDAY CAKE;2
329;PURPURE-MINI SPLASH-BUBBLE GUM;
1071;PURPURE-MINI SPLASH-CANDY BUM;
1074;PURPURE-MINI SPLASH-COCONUT SHINE;2
1072;PURPURE-MINI SPLASH-SEXY CHAMPAGNE;1
1076;PURPURE-MINI SPLASH-SWEET LYCHEE;
1070;PURPURE-MINI SPLASH-VAINILLA DREAMS;2
1104;REP-AEROSOL-AMBER ROUGE-UNI;1
1105;REP-AEROSOL-AMETHYST-UNI;1
1102;REP-AEROSOL-BHARARA KING-MAS;1
1103;REP-AEROSOL-HAYA-FEM;1
1100;REP-AEROSOL-HONOR Y GLORY-UNI;1
1095;REP-AEROSOL-KHAMRAH-UNI;1
19;REP-AEROSOL-NOBLE BLUSH-FEM;1
1097;REP-AEROSOL-ODYSSEY MANDARIN SKY-MAS;1
1096;REP-AEROSOL-OUD FOR GLORY-UNI;1
1098;REP-AEROSOL-ROYAL AMBER-UNI;1
1101;REP-AEROSOL-VELVET GOLD-FEM;
1099;REP-AEROSOL-YARA CANDY-FEM;1
1037;REP-SPLASH ACRILICOS-1 MILLON-MAS;1
1011;REP-SPLASH ACRILICOS-AMBER OUD GOLD-UNI;
1008;REP-SPLASH ACRILICOS-AMBER ROUGE-UNI;1
1005;REP-SPLASH ACRILICOS-ASAD BOURBON-MAS;
1010;REP-SPLASH ACRILICOS-ASAD-MAS;
1001;REP-SPLASH ACRILICOS-DELIHNA-FEM;1
1000;REP-SPLASH ACRILICOS-HAYA-FEM;1
1009;REP-SPLASH ACRILICOS-HONOR Y GLORY-UNI;1
1007;REP-SPLASH ACRILICOS-KHAMRAH-UNI;2
1004;REP-SPLASH ACRILICOS-MANDARIN SKY-MAS;1
1012;REP-SPLASH ACRILICOS-NAUTICA VOYAGE-MAS;
1006;REP-SPLASH ACRILICOS-SANTAL 33-UNI;1
999;REP-SPLASH ACRILICOS-SWEET LIKE CANDY-FEM;1
998;REP-SPLASH ACRILICOS-THANK U NEXT-FEM;2
565;REP-SPLASH ACRILICOS-TOY PEARL-UNI;1
997;REP-SPLASH ACRILICOS-YARA CANDY-FEM;3
1002;REP-SPLASH ACRILICOS-YARA MOI-FEM;
1003;REP-SPLASH ACRILICOS-YARA-FEM;1
629;REP-VS CREMA AQUA KISS-FEM;2
627;REP-VS CREMA BOMBSHEL-FEM;3
626;REP-VS CREMA CHIFFON PINK-FEM;3
631;REP-VS CREMA COCONUT PASSION-FEM;4
624;REP-VS CREMA JUICED BERRY-FEM;3
630;REP-VS CREMA LOVE SPELL-FEM;3
632;REP-VS CREMA MANGO TEMPTATION-FEM;3
628;REP-VS CREMA PURE SEDUCTION-FEM;3
623;REP-VS CREMA SANDIA-FEM;3
625;REP-VS CREMA VAINILLA LACE-FEM;4
617;REP-VS SPLASH APPLE SWIRL-FEM;2
613;REP-VS SPLASH AQUA KISS-FEM;2
614;REP-VS SPLASH BOMBSHELL-FEM;3
615;REP-VS SPLASH CHIFFON PINK-FEM;3
619;REP-VS SPLASH COCONUT PASSION-FEM;4
609;REP-VS SPLASH ENDLESS LOVE-FEM;3
622;REP-VS SPLASH GUMDSOP-FEM;
612;REP-VS SPLASH JUICED BERRY-FEM;2
616;REP-VS SPLASH JUNGLE PARTY-FEM;1
607;REP-VS SPLASH LOVE SPELL-FEM;3
620;REP-VS SPLASH MANGO TEMPTATION-FEM;3
611;REP-VS SPLASH MARINE CHILL-FEM;2
610;REP-VS SPLASH MIDNIGHT BLOOM-FEM;2
618;REP-VS SPLASH PURE SEDUCTION-FEM;3
608;REP-VS SPLASH SANDIA-FEM;3
1013;REP-VS SPLASH VAINILA BUTTER-FEM;1
606;REP-VS SPLASH VAINILLA LACE-FEM;4
621;REP-VS SPLASH VELVET PETALS-FEM;3
921;SPLASH-PM WOOD NOIR-MASCULINO;5
984;VIDAN-CREMA TOCADOR-29K AMBER;2
988;VIDAN-CREMA TOCADOR-29K LOVELY;
985;VIDAN-CREMA TOCADOR-29K SPELL;3
987;VIDAN-CREMA TOCADOR-29K VAINILLA;1
986;VIDAN-CREMA TOCADOR-BOMBOM;2
989;VIDAN-CREMA TOCADOR-FLOWER DREAMS;1
983;VIDAN-CREMA TOCADOR-MANGO DREAMS;2
990;VIDAN-CREMA TOCADOR-PURE DREAM;1
994;VIDAN-MANTEQUILLA BLIME-COCO;2
996;VIDAN-MANTEQUILLA BLIME-FRESH;2
992;VIDAN-MANTEQUILLA BLIME-FRUTOS ROJOS;1
993;VIDAN-MANTEQUILLA BLIME-MARACUYA;1
991;VIDAN-MANTEQUILLA BLIME-NARANJA;3
995;VIDAN-MANTEQUILLA BLIME-PIŃA COLADA;
1064;VIDAN-MANTEQUILLA BRILLO-29K AMBER;1
1063;VIDAN-MANTEQUILLA BRILLO-29K LOVELY;1
1062;VIDAN-MANTEQUILLA BRILLO-29K VAINILLA;1
1065;VIDAN-MANTEQUILLA BRILLO-BOMBOM;1
1060;VIDAN-MANTEQUILLA BRILLO-COCO DREAMS;
1059;VIDAN-MANTEQUILLA BRILLO-MANGO DREAMS;1
1061;VIDAN-MANTEQUILLA BRILLO-PURE DREAMS;1
1058;VIDAN-MANTEQUILLA BRILLO-SKY DREAMS;1
1044;VIDAN-MINI CREMAS SHIMMER-29K AMBER;2
1045;VIDAN-MINI CREMAS SHIMMER-29K BOMB;2
1046;VIDAN-MINI CREMAS SHIMMER-29K LOVELY;3
1047;VIDAN-MINI CREMAS SHIMMER-29K SPELL;4
1048;VIDAN-MINI CREMAS SHIMMER-29K VAINILLA;2
1049;VIDAN-MINI CREMAS SHIMMER-BOMBOM;3
1050;VIDAN-MINI CREMAS SHIMMER-COCO DREAMS;2
1051;VIDAN-MINI CREMAS SHIMMER-FLOWER DREAMS;2
1052;VIDAN-MINI CREMAS SHIMMER-MANGO DREAMS;2
1053;VIDAN-MINI CREMAS SHIMMER-PURE DREAMS;2
1054;VIDAN-MINI CREMAS SHIMMER-SKY DREAMS;1
1043;VIDAN-MINI MANTEQUILLAS-BABY DREAMS;1
1041;VIDAN-MINI MANTEQUILLAS-DOLL DREAMS;3
1039;VIDAN-MINI MANTEQUILLAS-NIGHT DREAMS;2
1040;VIDAN-MINI MANTEQUILLAS-SHINE DREAMS;3
1042;VIDAN-MINI MANTEQUILLAS-SUGAR DREAMS;2
1038;VIDAN-MINI MANTEQUILLAS-WAVES;2
1056;VIDAN-MINI SPLASH-29K SPELL;
1055;VIDAN-MINI SPLASH-BOMBOM;1
1057;VIDAN-MINI SPLASH-PURE DREAMS;
941;FRASCO- MINIMALIST 50 ML;68
719;FRASCO-212 VIP 60 ML;
677;FRASCO-212 VIP 80 ML;8
71;FRASCO-ABUDABI 50 ML;7
683;FRASCO-ARABE 60 ML;
709;FRASCO-ATLANTE CLEAR 30 ML;49
710;FRASCO-ATLANTE CLEAR 70 ML;47
976;FRASCO-BERRY 30 ML;12
978;FRASCO-BIANCA 30 ML;11
688;FRASCO-BOSS 30 ML;18
689;FRASCO-BOSS 60 ML;5
727;FRASCO-BVLAGRI 60 ML;4
676;FRASCO-CACHE 100 ML;43
722;FRASCO-CALAVERA 60 ML;
712;FRASCO-CARTIER 30 ML;4
684;FRASCO-CHAMPIONS 30 ML;22
694;FRASCO-CHAMPIONS 60 ML;5
675;FRASCO-CHATEAU 60 ML;241
721;FRASCO-CORAZON 60 ML;102
724;FRASCO-CREED 60 ML;
715;FRASCO-CUADRADO BLUE 30 ML;
204;FRASCO-CURVE 50ML;1
718;FRASCO-DISCO 30 ML;1
711;FRASCO-DUBAI 30 ML;36
691;FRASCO-DUBAI 60 ML;15
840;FRASCO-EMIR 30 ML;1
977;FRASCO-FUTURA- FEMENINO 30 ML;11
975;FRASCO-FUTURISTA- MASCULINO- 30 ML;18
726;FRASCO-GATO 80 ML;
681;FRASCO-GRANADA 100 ML;
686;FRASCO-GUITARRA 60 ML;23
685;FRASCO-ISSEY MIYAKE 30 ML;
695;FRASCO-JPG 60 ML;19
47;FRASCO-KHALIFA 50 ML;11
728;FRASCO-LA VIDA ES BELLA 110 ML;1
697;FRASCO-LA VIDA ES BELLA 60 ML;
692;FRASCO-LACOSTE 100 ML;12
980;FRASCO-LACOSTE 30 ML;12
979;FRASCO-LINA 30 ML;11
982;FRASCO-LUNAIRE 50 ML;9
693;FRASCO-MANZANA 30 ML;
841;FRASCO-MARIPOSA DORADA 100 ML;16
716;FRASCO-MEDIA LUNA 30 ML;1
698;FRASCO-MILLION 30 ML;1
723;FRASCO-MONTBLANC 65 ML;6
687;FRASCO-OSO 30 ML;24
720;FRASCO-PACO XS 60 ML;
35;FRASCO-PASSION CORAZON 100ML;11
974;FRASCO-PATINETA 30 ML;10
699;FRASCO-PERFUMERO 15 ML;145
701;FRASCO-PERFUMERO CLASIC 3 ML;196
700;FRASCO-PERFUMERO CLASIC 8 ML;68
729;FRASCO-PERFUMERO RECARGABLE 5 ML;52
864;FRASCO-PERFUMERO RECARGABLE 8ML;2
725;FRASCO-PUŃO DIESEL 100 ML;4
680;FRASCO-PUŃO DIESEL 60 ML;2
703;FRASCO-ROLL ON 18 ML;16
702;FRASCO-ROLL ON 7 ML;128
981;FRASCO-SCANDAL 50 ML;10
705;FRASCO-SECRET CLEAR 110 ML;49
704;FRASCO-SECRET CLEAR 60 ML;33
750;FRASCO-SINGLE 100 ML;52
713;FRASCO-SINGLE CLEAR 30 ML;7
717;FRASCO-SINGLE COLORES 30 ML;71
1066;FRASCO-SINGLE COLORES ECO 30 ML;110
707;FRASCO-SWARO 60 ML;48
706;FRASCO-SWARO CLEAR 30 ML;40
708;FRASCO-SWARO CLEAR BOTTLE 110 ML;36
690;FRASCO-TACON 30 ML;12
714;FRASCO-TORRE 30ML;12
678;FRASCO-TORRE IFEL 60 ML;11
813;FRASCO-VALENTINO 30 ML;10
679;FRASCO-VALENTINO 50 ML;14
682;FRASCO-VIPET 60 ML;171
942;FRASCO-XERFOJ 30 ML;14
696;FRASCO-XERJOFF 50 ML;7
659;AROMATIZANTE-ALGODON;1
661;AROMATIZANTE-CAN CAN;3
663;AROMATIZANTE-CANELA;
657;AROMATIZANTE-CHICLE BOMBON;4
655;AROMATIZANTE-COCO;2
669;AROMATIZANTE-DESERT;
666;AROMATIZANTE-FLORAL;
665;AROMATIZANTE-FLORENSE;
667;AROMATIZANTE-FRESCO BAMBU;5
658;AROMATIZANTE-FRUTOS ROJOS;5
652;AROMATIZANTE-KIWI;
664;AROMATIZANTE-LAVANDA FRESH;3
660;AROMATIZANTE-LIMON;1
662;AROMATIZANTE-MANDARINA;1
671;AROMATIZANTE-MENTA;
654;AROMATIZANTE-SANDALO;1
668;AROMATIZANTE-TALCO;
656;AROMATIZANTE-VAINILLA;5
1035;DIFUSOR- KIWI TORONJA;3
959;DIFUSOR-AMBROSIA VAINILLA;2
644;DIFUSOR-ARMONIA;
643;DIFUSOR-BRISA TROPICAL;
867;DIFUSOR-CITRUS;9
645;DIFUSOR-ELEGANT;
650;DIFUSOR-FRESAS Y FRAMBUESA;
649;DIFUSOR-FRESCA BRISA;5
646;DIFUSOR-FUNNY;
651;DIFUSOR-KIWI;3
866;DIFUSOR-KOLA PINK;1
911;DIFUSOR-LIMONADA DE COCO;
638;DIFUSOR-MANZANA CANELA;2
865;DIFUSOR-MARACUYA;6
642;DIFUSOR-MELON;5
648;DIFUSOR-PIŃA;1
641;DIFUSOR-PINO;1
640;DIFUSOR-ROJOS SILVESTRES;
912;DIFUSOR-TUTTY FRUTTY;1
647;DIFUSOR-VAINILLA;
868;DIFUSOR-VAINILLA TOST;9
672;ESENCIA HS-BLACK XS;3
1016;ESENCIA HS-BRISA MARINA;2
1023;ESENCIA HS-COCO VAINILLA;2
1024;ESENCIA HS-FANTASIA FRUTAL;2
1018;ESENCIA HS-FLORES ALGODON;2
1025;ESENCIA HS-FRUTOS AMARILLOS;2
1021;ESENCIA HS-FRUTOS ROJOS;1
1027;ESENCIA HS-INVICTUS;1
1026;ESENCIA HS-MANDARINA;2
1017;ESENCIA HS-MARACUYA;2
1020;ESENCIA HS-MENTA FRESCA;2
1015;ESENCIA HS-NAUTICO;3
1019;ESENCIA HS-ROLLOS DE CANELA;
1022;ESENCIA HS-TUTTY FRUTTY;3
1034;ESENCIA PB-BLACK XS;2
1029;ESENCIA PB-CANELA;1
1032;ESENCIA PB-COCO;1
1033;ESENCIA PB-FLORENSE;1
673;ESENCIA PB-KIWI;2
1030;ESENCIA PB-LIMON;1
1028;ESENCIA PB-SANDALO;4
1031;ESENCIA PB-VAINILLA;2
674;PEBETERO;11
1088;PM CARRO-ARANDANO MORA CAR;2
930;PM CARRO-CARRO AUDI;1
653;PM CARRO-CARRO NUEVO;1
931;PM CARRO-CHEVROLET;2
797;PM CARRO-FRESCO CHUSPIANTE;5
796;PM CARRO-SANDIA FRAPE;4
929;PM CARRO-TOYOTA;
1089;PM CARRO-XTREM CAR;2
291;EXT-ACQUA DI PARMA-BERGAMOTTO DI CALABRIA-UNI;103
869;EXT-AFNAN-9 PM-MAS;288
136;EXT-AHLI-CORVUS-FEM;192
278;EXT-AHLI-KARPOS-UNI;116
281;EXT-AHLI-OVERDOSE-UNI;70
873;EXT-AHLI-PEGASUS-UNI;179
247;EXT-AHLI-VEGA-UNI;255
764;EXT-AL HARAMAIN-AMBER OUD AQUA DUBAI-UNI;184
782;EXT-AL HARAMAIN-AMBER OUD DUBAI NIGHT-UNI;137
265;EXT-AL HARAMAIN-AMBER OUD GOLD EDITION-UNI;136
264;EXT-AL HARAMAIN-AMBER OUD TOBACCO-UNI;414
213;EXT-AL HARAMAIN-LAVENTURE BLANCHE-FEM;147
289;EXT-AL HARAMAIN-MADINAH-UNI;146
11;EXT-ANTONIO BANDERAS-BLUE SEDUCTION-MAS;155
935;EXT-ARIANA GRANDE-ANGEL KISS-FEM;329
195;EXT-ARIANA GRANDE-CLOUD PINK-FEM;201
176;EXT-ARIANA GRANDE-CLOUD-FEM;335
217;EXT-ARIANA GRANDE-MOD BLUSH-FEM;115
241;EXT-ARIANA GRANDE-SWEET LIKE CANDY-FEM;132
248;EXT-ARIANA GRANDE-THANK U NEXT-FEM;178
21;EXT-ARMAF-CLUB DE NUIT INTENSE-MAS;120
958;EXT-ARMAF-CLUB DE NUIT MALEKA-FEM;239
292;EXT-ARMAF-CLUB DE NUIT SILLAGE-UNI;26
964;EXT-ARMAF-ISLAND BREEZE-FEM;285
927;EXT-ARMAF-ODYSSEY CHOCOLAT-UNI;119
910;EXT-ARMAF-ODYSSEY MANDARIN SKY-MAS;415
898;EXT-ARMAF-YUM YUM-FEM;162
165;EXT-AVON-K VIDA FEM-FEM;135
852;EXT-AZZARO-AZZARO POUR HOMME-MAS;116
175;EXT-BBW-CRAZY FOR YOU-FEM;176
82;EXT-BHARARA-BHARARA BLEU-MAS;154
756;EXT-BHARARA-BHARARA KING-MAS;233
267;EXT-BHARARA-BHARARA NICHE-UNI;262
757;EXT-BOND N9-BLEECKER STREET-UN;144
328;EXT-BORNTOSTANDOUT-DRUNK LOVERS-UNI;250
154;EXT-BRITNEY SPEARS-FANTASY-FEM;218
153;EXT-BRITNEY SPEARS-MIDNIGHT FANTASY-FEM;75
140;EXT-BURBERRY-BURBERRY HER-FEM;156
139;EXT-BURBERRY-BURBERRY-FEM;147
75;EXT-BVLGARI-AQVA MARINE-MAS;235
858;EXT-BVLGARI-BLV-FEM;196
851;EXT-BVLGARI-BVLGARI MAN IN BLACK-MAS;161
220;EXT-BVLGARI-OMNIA CORAL-FEM;187
221;EXT-BVLGARI-OMNIA CRYSTALLINE-FEM;172
180;EXT-BVLGARI-OMNIA PINK SAPPHIRE-FEM;291
183;EXT-CACHAREL-AMOR AMOR-FEM;193
271;EXT-CALVIN KLEIN-CK ONE-UNI;274
190;EXT-CALVIN KLEIN-CKIN2U-FEM;159
151;EXT-CALVIN KLEIN-ESCAPE-FEM;58
85;EXT-CALVIN KLEIN-ETERNITY-MAS;192
70;EXT-CAROLINA HERRERA-212 HEROES FOREVER-MAS;332
251;EXT-CAROLINA HERRERA-212 HEROES-FEM;263
252;EXT-CAROLINA HERRERA-212 SEXY-FEM;170
103;EXT-CAROLINA HERRERA-212 SEXY-MAS;35
129;EXT-CAROLINA HERRERA-212 VIP BLACK EXTRA-MAS;345
67;EXT-CAROLINA HERRERA-212 VIP BLACK RED-MAS;230
68;EXT-CAROLINA HERRERA-212 VIP BLACK-MAS;195
69;EXT-CAROLINA HERRERA-212 VIP PARTY FEVER-MAS;363
253;EXT-CAROLINA HERRERA-212 VIP ROSE EXTRA-FEM;339
232;EXT-CAROLINA HERRERA-212 VIP ROSE RED-FEM;255
255;EXT-CAROLINA HERRERA-212 VIP ROSE-FEM;167
254;EXT-CAROLINA HERRERA-212 VIP WILD PARTY-FEM;201
250;EXT-CAROLINA HERRERA-212 VIP WINS-FEM;215
127;EXT-CAROLINA HERRERA-212 VIP WINS-MAS;327
257;EXT-CAROLINA HERRERA-212 VIP-FEM;246
128;EXT-CAROLINA HERRERA-212 VIP-MAS;268
256;EXT-CAROLINA HERRERA-212-FEM;207
130;EXT-CAROLINA HERRERA-212-MAS;234
81;EXT-CAROLINA HERRERA-BAD BOY COBALT-MAS;172
15;EXT-CAROLINA HERRERA-BAD BOY-MAS;190
187;EXT-CAROLINA HERRERA-CAROLINA HERRERA-FEM;127
20;EXT-CAROLINA HERRERA-CAROLINA HERRERA-MAS;400
147;EXT-CAROLINA HERRERA-CH BEAUTIES-FEM;69
145;EXT-CAROLINA HERRERA-CH-FEM;292
17;EXT-CAROLINA HERRERA-CH-MAS;384
80;EXT-CAROLINA HERRERA-CHIC FOR MEN-MAS;74
158;EXT-CAROLINA HERRERA-GOOD GIRL BLUSH-FEM;295
159;EXT-CAROLINA HERRERA-GOOD GIRL-FEM;181
955;EXT-CAROLINA HERRERA-LA BOMBA-FEM;340
231;EXT-CAROLINA HERRERA-VERY GLAM-FEM;22
249;EXT-CAROLINA HERRERA-VERY GOOD GIRL-FEM;254
270;EXT-CARTIER-EAU DE CARTIER-UNI;92
188;EXT-CASAMORATI-BOUQUET IDEALE-FEM;233
76;EXT-CHANEL-ALLURE SPORT-MAS;198
12;EXT-CHANEL-BLEU DE CHANEL-MAS;146
947;EXT-CHANEL-CHANCE EAU TENDRE-FEM;111
146;EXT-CHANEL-CHANCE-FEM;240
191;EXT-CHANEL-COCO MADEMOISELLE-FEM;180
185;EXT-CHANEL-N5-FEM;366
881;EXT-CHRISTIAN DIOR-DIOR HOMME INTENSE-MAS;190
86;EXT-CHRISTIAN DIOR-FAHRENHEIT-MAS;126
166;EXT-CHRISTIAN DIOR-JADORE-FEM;79
216;EXT-CHRISTIAN DIOR-MISS DIOR BOUQUET-FEM;333
62;EXT-CHRISTIAN DIOR-SAUVAGE ELIXIR-MAS;153
118;EXT-CHRISTIAN DIOR-SAUVAGE-MAS;245
133;EXT-CREED-AVENTUS HER-FEM;254
5;EXT-CREED-AVENTUS-MAS;222
143;EXT-CREED-CARMINA-FEM;181
88;EXT-CREED-GREEN IRISH TWEED-MAS;100
465;EXT-CREED-QUEEN OF SILK-FEM;276
116;EXT-CREED-SILVER MOUNTAIN WATER-MAS;136
16;EXT-CRISTIANO RONALDO-CR7 ORIGINIS-MAS;234
43;EXT-CRISTIANO RONALDO-LEGACY-MAS;146
78;EXT-DIESEL-BAD INTENSE-MAS;72
22;EXT-DIESEL-DIESEL PLUS PLUS-MAS;159
87;EXT-DIESEL-FUEL FOR LIFE-MAS;121
96;EXT-DIESEL-ONLY THE BRAVE-MAS;86
61;EXT-DIESEL-SPIRIT OF THE BRAVE-MAS;125
197;EXT-DOLCE Y GABBANA-DEVOTION-FEM;
23;EXT-DOLCE Y GABBANA-DOLCE Y GABBANA POUR HOMME-MAS;108
199;EXT-DOLCE Y GABBANA-DOLCE Y GABBANA-FEM;119
37;EXT-DOLCE Y GABBANA-K-MAS;273
172;EXT-DOLCE Y GABBANA-LIGHT BLUE-FEM;245
234;EXT-DOLCE Y GABBANA-PINEAPPLE-FEM;67
954;EXT-DUMONT PARIS-NITRO ELIXIR-MAS;184
963;EXT-DUMONT PARIS-NITRO RED-MAS;156
198;EXT-ELIZABETH TAYLOR-DIAMANTES BLANCOS-FEM;62
3;EXT-ENRIQUE IGLESIAS-ADRENALINE-MAS;72
182;EXT-ESCADA-AGUA DE SOL-FEM;246
141;EXT-ESCADA-BORN IN PARADISE-FEM;304
189;EXT-ESCADA-CHERRY IN THE AIR-FEM;86
200;EXT-ESCADA-FIESTA CARIOCA-FEM;19
944;EXT-ESCADA-MIAMI BLOSSOM-FEM;321
215;EXT-ESCADA-MOON SPARKLE-FEM;75
239;EXT-ESCADA-SORBETTO ROSSO-FEM;219
226;EXT-ESCADA-TAJ SUNSET-FEM;277
83;EXT-ESIKA-DORSAY-MAS;51
102;EXT-ESIKA-WINNER SPORT-MAS;316
26;EXT-FACONNABLE-FACONNABLE-MAS;233
260;EXT-FRED HAYMAN-273-FEM;261
269;EXT-GIARDINI DI TOSCANA-BIANCO LATTE-UNI;255
2;EXT-GILLES CANTUEL-ARSENAL-MAS;201
74;EXT-GIORGIO ARMANI-ACQUA DI GIO ABSOLU-MAS;352
73;EXT-GIORGIO ARMANI-ACQUA DI GIO PROFONDO-MAS;448
111;EXT-GIORGIO ARMANI-ACQUA DI GIO-MAS;229
119;EXT-GIORGIO ARMANI-STRONGER WITH YOU-MAS;338
755;EXT-GIVENCHY-GIVENCHY BLUE-MAS;395
27;EXT-GIVENCHY-GIVENCHY-MAS;240
211;EXT-GIVENCHY-INTERDIT-FEM;226
177;EXT-GIVENCHY-ORGANZA-FEM;264
28;EXT-GUCCI- GUCCI GUILTY POUR HOMME-MAS;188
205;EXT-GUESS-GUESS GIRL-FEM;49
14;EXT-HUGO BOSS-BOSS BOTTLED NIGHT-MAS;246
13;EXT-HUGO BOSS-BOSS BOTTLED UNLIMITED-MAS;290
7;EXT-HUGO BOSS-BOSS IN MOTION-MAS;215
9;EXT-HUGO BOSS-BOSS ORANGE-MAS;331
77;EXT-HUGO BOSS-BOSS THE SCENT ABSOLUTE-MAS;255
30;EXT-HUGO BOSS-HUGO BOSS-MAS;120
29;EXT-HUGO BOSS-HUGO RED-MAS;412
63;EXT-HUGO BOSS-THE SCENT PURE ACCORD-MAS;42
305;EXT-HUGO BOSS-XX-FEM;99
274;EXT-ILMIN-IL EGO-UNI;220
296;EXT-ILMIN-IL FEMME-UNI;312
295;EXT-ILMIN-IL KAKUNO-UNI;167
298;EXT-INITIO-MUSK THERAPY-UNI;125
164;EXT-ISSEY MIYAKE-ISSEY MIYAKE-FEM;125
32;EXT-ISSEY MIYAKE-ISSEY MIYAKE-MAS;232
132;EXT-JEAN PASCAL-JEAN PASCAL-MAS;154
908;EXT-JEAN PAUL GAULTIER-DIVINE-FEM;181
36;EXT-JEAN PAUL GAULTIER-JEAN PAUL GAULTIER LE MALE-MAS;258
207;EXT-JEAN PAUL GAULTIER-JEAN PAUL GAULTIER-FEM;109
38;EXT-JEAN PAUL GAULTIER-LE BEAU-MAS;169
93;EXT-JEAN PAUL GAULTIER-LE MALE ELIXIR-MAS;191
242;EXT-JEAN PAUL GAULTIER-SCANDAL-FEM;283
114;EXT-JEAN PAUL GAULTIER-SCANDAL-MAS;169
120;EXT-JEAN PAUL GAULTIER-ULTRA MALE-MAS;269
89;EXT-JESUS DEL POZO-HALLOWEEN-MAS;
812;EXT-KAJAL-ALMAZ-UNI;362
219;EXT-KATY PERRY-MEOW-FEM;173
156;EXT-KENZO-FLOWER BY KENZO-FEM;144
287;EXT-KILLIAN-ROLLING IN LOVE-UNI;50
168;EXT-KIM KARDASHIAN-BFF-FEM;246
44;EXT-LACOSTE-LACOSTE BLANC-MAS;255
94;EXT-LACOSTE-LACOSTE ESSENTIAL-MAS;250
210;EXT-LACOSTE-LACOSTE MAGNETIC-FEM;98
41;EXT-LACOSTE-LACOSTE NOIR-MAS;237
40;EXT-LACOSTE-LACOSTE RED-MAS;387
171;EXT-LACOSTE-LACOSTE WOMAN-FEM;179
214;EXT-LACOSTE-SPARKLING-FEM;199
243;EXT-LACOSTE-TOUCH OF PINK-FEM;453
169;EXT-LANCOME-LA VIDA ES BELLA FLORAL-FEM;217
170;EXT-LANCOME-LA VIDA ES BELLA-FEM;386
925;EXT-LATTAFA-AFEEF-UNI;106
845;EXT-LATTAFA-AL NOBLE AMEER-UNI;229
263;EXT-LATTAFA-AMEER AL OUDH INTENSE-UNI;
262;EXT-LATTAFA-AMETHYST-UNI;177
951;EXT-LATTAFA-ART OF UNIVERSE-UNI;180
1;EXT-LATTAFA-ASAD-MAS;102
895;EXT-LATTAFA-BERRY ON TOP-FEM;250
973;EXT-LATTAFA-ECLAIRE-FEM;293
897;EXT-LATTAFA-EMEER-UNI;237
161;EXT-LATTAFA-HAYA-FEM;232
821;EXT-LATTAFA-HER CONFESSION-FEM;265
272;EXT-LATTAFA-HONOR Y GLORY-UNI;257
946;EXT-LATTAFA-KHAMRAH DUKHAN-UNI;189
277;EXT-LATTAFA-KHAMRAH-UNI;145
953;EXT-LATTAFA-MALLOW MADNESS-FEM;398
899;EXT-LATTAFA-MAYAR CHERRY INTENSE-UNI;263
928;EXT-LATTAFA-MAYAR-FEM;372
871;EXT-LATTAFA-NOBLE BLUSH-FEM;238
283;EXT-LATTAFA-OUD FOR GLORY-UNI;313
284;EXT-LATTAFA-QAED AL FURSAN-UNI;358
285;EXT-LATTAFA-RAMZ SILVER-UNI;58
774;EXT-LATTAFA-SEHR-UNI;368
776;EXT-LATTAFA-SHAHEEN GOLD-UNI;98
288;EXT-LATTAFA-SUBLIME-UNI;208
900;EXT-LATTAFA-TERIAQ INTENSE-UNI;258
956;EXT-LATTAFA-VAINILLA FREAK-FEM;187
765;EXT-LATTAFA-YARA CANDY-FEM;102
896;EXT-LATTAFA-YARA ELIXIR-FEM;250
246;EXT-LATTAFA-YARA-FEM;298
280;EXT-LE LABO-MATCHA 26-UNI;109
301;EXT-LE LABO-SANTAL 33-UNI;84
39;EXT-LOEWE-LOEWE 7-MAS;101
59;EXT-LOEWE-SOLO-MAS;186
173;EXT-LOLITA LEMPICKA-LOLITA LEMPICKA-FEM;77
839;EXT-LORENZO PAZZAGLIA-SUMMER HAMMER-UNI;285
920;EXT-LORENZO PAZZAGLIA-SUN GRIA-UNI;194
181;EXT-LOUIS VOUITTON-ATTRAPE REVES-FEM;194
45;EXT-LOUIS VOUITTON-L´IMMENSITE-MAS;237
51;EXT-LOUIS VOUITTON-OMBRE NOMADE-MAS;155
299;EXT-MAISON CRIVELLI-OUD MARACUJA-UNI;213
268;EXT-MAISON FRANCIS KURKDJIAN-BACCARAT ROUGE 540-UNI;176
293;EXT-MANCERA-INSTANT CRUSH-UNI;233
275;EXT-MANCERA-JARDIN EXCLUSIF-UNI;139
913;EXT-MANCERA-RED TOBACCO-UNI;185
303;EXT-MANCERA-SILVER BLUE-UNI;24
196;EXT-MARC JACOBS-DAISY LOVE-FEM;208
174;EXT-MERCEDEZ BENZ- MERCEDEZ BENZ IN RED-FEM;78
261;EXT-MONTALE-ARABIANS TONKA-UNI;133
273;EXT-MONTALE-INTENSE CAFE-UNI;212
880;EXT-MONTALE-NEPAL AOUD-FEM;233
302;EXT-MONTALE-STARRY NIGHT-UNI;242
25;EXT-MONTBLANC-EXPLORER-MAS;321
46;EXT-MONTBLANC-LEGEND RED-MAS;201
42;EXT-MONTBLANC-LEGEND-MAS;276
117;EXT-MONTBLANC-STARWALKER-MAS;222
245;EXT-MOSCHINO-FUNNY-FEM;204
50;EXT-MOSCHINO-MOSCHINO FOREVER-MAS;372
244;EXT-MOSCHINO-TOY 2 BUBBLE GUM-FEM;289
304;EXT-MOSCHINO-TOY 2 PEARL-UNI;309
228;EXT-MOSCHINO-TOY 2-FEM;86
49;EXT-MOSCHINO-TOY BOY-MAS;267
48;EXT-NAUTICA-NAUTICA VOYAGE-MAS;232
218;EXT-NINNA RICCI-LES MONSTRES DE NINA RICCI LUNA-FEM;418
107;EXT-NIŃOS-ARRURU-UNI;22
105;EXT-NIŃOS-COOL BOY-MAS;81
106;EXT-NIŃOS-DOLLY GIRL-FEM;75
104;EXT-NIŃOS-GALAXY-MAS;92
108;EXT-NIŃOS-MIMITOS-MAS;129
109;EXT-NIŃOS-PRETTY IN PINK-FEM;239
110;EXT-NIŃOS-SWEET CREAM-FEM;29
266;EXT-ORIENTICA-AMBER ROUGE-UNI;130
290;EXT-ORIENTICA-AZURE FANTASY-UNI;178
282;EXT-ORIENTICA-OUD SAFFRON-UNI;274
223;EXT-ORIENTICA-VELVET GOLD-FEM;140
52;EXT-OSCAR DE LA RENTA-OSCAR DE LA RENTA-MAS;185
122;EXT-PACO RABANNE-1 MILLION ELIXIR-MAS;241
124;EXT-PACO RABANNE-1 MILLION INTENSE-MAS;68
125;EXT-PACO RABANNE-1 MILLION LUCKY-MAS;159
121;EXT-PACO RABANNE-1 MILLION PRIVE-MAS;272
123;EXT-PACO RABANNE-1 MILLION ROYAL-MAS;285
126;EXT-PACO RABANNE-1 MILLION-MAS;421
112;EXT-PACO RABANNE-BLACK XS AFRODISIACA-MAS;216
79;EXT-PACO RABANNE-BLACK XS BE LEGEND-MAS;263
8;EXT-PACO RABANNE-BLACK XS L`EXCES-MAS;180
184;EXT-PACO RABANNE-BLACK XS POTION-FEM;225
6;EXT-PACO RABANNE-BLACK XS POTION-MAS;29
10;EXT-PACO RABANNE-BLACK XS-MAS;126
155;EXT-PACO RABANNE-FAME-FEM;232
91;EXT-PACO RABANNE-INVICTUS INTENSE-MAS;600
31;EXT-PACO RABANNE-INVICTUS LEGEND-MAS;215
34;EXT-PACO RABANNE-INVICTUS VICTORY ELIXIR-MAS;343
33;EXT-PACO RABANNE-INVICTUS VICTORY-MAS;102
113;EXT-PACO RABANNE-INVICTUS-MAS;260
853;EXT-PACO RABANNE-LADY MILLION GOLD-FEM;228
212;EXT-PACO RABANNE-LADY MILLION LUCKY-FEM;93
209;EXT-PACO RABANNE-LADY MILLION-FEM;200
178;EXT-PACO RABANNE-OLYMPEA-FEM;67
870;EXT-PACO RABANNE-PHANTOM INTENSE-MAS;217
98;EXT-PACO RABANNE-PHANTOM LEGION-MAS;110
53;EXT-PACO RABANNE-PHANTOM-MAS;221
58;EXT-PACO RABANNE-PURE XS NIGHT-MAS;219
222;EXT-PACO RABANNE-PURE XS-FEM;196
57;EXT-PACO RABANNE-PURE XS-MAS;93
972;EXT-PARFUMS DE MARLY-ALTHAIR-MAS;182
854;EXT-PARFUMS DE MARLY-DELINA-FEM;201
276;EXT-PARFUMS DE MARLY-KALAN-UNI;323
279;EXT-PARFUMS DE MARLY-LAYTON-UNI;384
300;EXT-PARFUMS DE MARLY-PEGASUS-UNI;99
286;EXT-PARFUMS DE MARLY-SEDLEY-UNI;297
148;EXT-PARIS HILTON-CAN CAN-FEM;272
150;EXT-PARIS HILTON-DAZZLE-FEM;161
162;EXT-PARIS HILTON-HEIRESS-FEM;313
236;EXT-PARIS HILTON-PARIS HILTON-FEM;213
55;EXT-PARIS HILTON-PARIS HILTON-MAS;352
179;EXT-PARIS HILTON-PASSPORT IN PARIS-FEM;81
224;EXT-PARIS HILTON-ROSE RUSH-FEM;315
233;EXT-PERRY ELLIS-360 CORAL-FEM;80
258;EXT-PERRY ELLIS-360 PURPLE-FEM;284
72;EXT-PERRY ELLIS-360 RED-MAS;187
259;EXT-PERRY ELLIS-360-FEM;200
131;EXT-PERRY ELLIS-360-MAS;86
952;EXT-PRADA-PARADOXE-FEM;277
100;EXT-RALPH LAUREN-POLO BLUE-MAS;134
56;EXT-RALPH LAUREN-POLO RED-MAS;144
60;EXT-RALPH LAUREN-RALPH CLUB-MAS;264
235;EXT-RALPH LAUREN-RALPH-FEM;173
90;EXT-REYANE TRADITION-INSURRECTION-MAS;35
167;EXT-RIHANNA-KISS-FEM;335
767;EXT-ROGER GALLET-MARIA FARINA-MAS;178
433;EXT-SABRINA CARPENTER-SWEET TOOTH-FEM;228
240;EXT-SELENA GOMEZ-SELENA GOMEZ-FEM;137
152;EXT-SHAKIRA-ELIXIR-FEM;252
237;EXT-SHAKIRA-ROCK-FEM;350
238;EXT-SOFIA VERGARA-SOFIA-FEM;273
838;EXT-SOL DE JANEIRO-CHEIROSA 68-FEM;303
92;EXT-TED LAPIDUS-LAPIDUS POUR HOMME-MAS;322
135;EXT-THIERRY MUGLER-ANGEL NOVA-FEM;102
134;EXT-THIERRY MUGLER-ANGEL-FEM;127
4;EXT-THIERRY MUGLER-ANGEL-MAS;192
297;EXT-TIZIANA TERENZI-KIRKE-UNI;254
229;EXT-TOMMY HILFIGER-TOMMY GIRL-FEM;70
99;EXT-TOMMY HILFIGER-TOMMY-MAS;352
945;EXT-VALENTINO-DONNA BORN IN ROMA-FEM;147
926;EXT-VALENTINO-DONNA BORN ROMA EXTRADOSE-FEM;292
781;EXT-VALENTINO-UOMO BORN IN ROMA INTENSE-MAS;160
66;EXT-VALENTINO-VALENTINO UOMO-MAS;155
137;EXT-VERSACE-BRIGHT CRYSTAL-FEM;129
872;EXT-VERSACE-DYLAN PURPLE-FEM;587
149;EXT-VERSACE-DYLAN TURQUOISE-FEM;199
101;EXT-VERSACE-EAU FRAICHE-MAS;289
909;EXT-VERSACE-EROS ENERGY-MAS;172
84;EXT-VERSACE-EROS FLAME-MAS;179
24;EXT-VERSACE-EROS-MAS;315
138;EXT-VICTORIA SECRET-BOMBSHELL-FEM;113
144;EXT-VICTORIA SECRET-COCONUT PASSION-FEM;134
208;EXT-VICTORIA SECRET-JUICED BERRY-FEM;184
230;EXT-VICTORIA SECRET-VAINILLA-FEM;57
115;EXT-VICTORINOX-SWISS ARMY-MAS;58
294;EXT-XERJOFF-ERBA PURA-UNI;187
193;EXT-YANBAL-CCORI ROSE-FEM;101
194;EXT-YANBAL-CELOS-FEM;205
186;EXT-YANBAL-CIELO-FEM;59
206;EXT-YANBAL-GAIA-FEM;348
95;EXT-YANBAL-OHM-MAS;135
225;EXT-YANBAL-OSADIA-FEM;139
54;EXT-YANBAL-OSADIA-MAS;164
97;EXT-YANBAL-SOLO-MAS;234
227;EXT-YANBAL-TEMPTATION-FEM;245
64;EXT-YANBAL-TEMPTATION-MAS;238
775;EXT-YVES SAINT LAURENT-BABYCAT-FEM;285
142;EXT-YVES SAINT LAURENT-BLACK OPIUM-FEM;67
65;EXT-YVES SAINT LAURENT-Y-MAS;278
637;FEROMONAS;7
758;FEROMONAS X 10 GOTAS;179
562;KITS-NIŃA;
563;KITS-NIŃO;6
943;PM-SPLASH PRINCESA SOFIA-NIŃA;3
907;PROMOCION;5
1087;PURPURE-KITS-VAINILLA CAKE;1
739;REP-AFNAN-9 AM DIVE-UNI;1
535;REP-AFNAN-9 AM SALMON-FEM;
948;REP-AFNAN-9 PM ELIXIR-MAS;1
536;REP-AFNAN-9 PM MORADA-FEM;1
936;REP-AFNAN-9 PM REBEL-UNI;2
537;REP-AFNAN-9 PM-MAS;2
743;REP-AHLI-CORVUS-FEM;
458;REP-AHLI-VEGA-UNI;1
461;REP-AL HARAMAIN-AMBER OUD GOLD-UNI;2
527;REP-AL HARAMAIN-L AVENTURE BLANCHE-UNI;1
515;REP-ANTONIO BANDERAS-BLUE SEDUCTION-FEM;1
861;REP-ARD AL KHALEEJ-GHALA ZAYED LUXURY GOLD-MAS;1
525;REP-ARIANA GRANDE-ARI-FEM;1
523;REP-ARIANA GRANDE-CLOUD PINK-FEM;
474;REP-ARIANA GRANDE-CLOUD-FEM;2
524;REP-ARIANA GRANDE-MOD BLUSH-FEM;
471;REP-ARIANA GRANDE-MOON LIGHT-FEM;1
463;REP-ARIANA GRANDE-REM-FEM;1
745;REP-ARIANA GRANDE-THANK U NEXT 2.0-FEM;1
522;REP-ARIANA GRANDE-THANK U NEXT-FEM;2
462;REP-ARMAF-CLUB DE NUIT INTENSE-MAS;2
939;REP-ARMAF-CLUB DE NUIT MALEKA-FEM;2
878;REP-ARMAF-CLUB DE NUIT MILESTONE-UNI;1
970;REP-ARMAF-CLUB DE NUIT SILLAGE-UNI;1
759;REP-ARMAF-CLUB DE NUIT UNTOLD-UNI;2
933;REP-ARMAF-ISLAND BLISS-FEM;2
901;REP-ARMAF-ODYSSEY CANDEE-FEM;1
850;REP-ARMAF-ODYSSEY MANDARIN SKY-MAS;1
903;REP-ARMAF-ODYSSEY MEGA-MAS;1
905;REP-ARMAF-ODYSSEY SPECTRA-UNI;1
352;REP-ARMAF-YUM YUM-FEM;1
453;REP-BHARARA-BHARARA BLEU-MAS;1
843;REP-BHARARA-BHARARA KING PARFUM-MAS;
455;REP-BHARARA-BHARARA KING-MAS;2
456;REP-BHARARA-NICHE FEMME-FEM;1
744;REP-BHARARA-ROSE-FEM;1
804;REP-BHARARA-VIKING BEIRUT-MAS;1
802;REP-BHARARA-VIKING CAIRO-UNI;1
803;REP-BHARARA-VIKING KASHMIR-UNI;1
468;REP-BOND N9-BLEECKER STREET-UNI;2
505;REP-BRITNEY SPEARS-FANTASY-FEM;1
506;REP-BRITNEY SPEARS-MIDNIGHT FANTASY-FEM;
338;REP-BURBERRY-BURBERRY HER EAU TOILETTE-FEM;1
504;REP-BURBERRY-BURBERRY HER-FEM;1
518;REP-BURBERRY-BURBERRY-FEM;
413;REP-BVLGARI-AQVA ATLANTIQVE-MAS;1
414;REP-BVLGARI-BVLGARI MAN IN BLACK-MAS;1
779;REP-BVLGARI-OMNIA CRYSTALLINE-FEM;1
446;REP-BVLGARI-OMNIA MARY KATRANTZOU-FEM;1
507;REP-CALVIN KLEIN-CK ONE SHOCK-FEM;1
422;REP-CALVIN KLEIN-CK ONE-UNI;1
482;REP-CALVIN KLEIN-CKIN2U-FEM;1
822;REP-CALVIN KLEIN-ETERNITY-FEM;1
347;REP-CAROLINA HERRERA-212 HEROES-MAS;1
486;REP-CAROLINA HERRERA-212 SEXY-FEM;2
380;REP-CAROLINA HERRERA-212 SEXY-MAS;
382;REP-CAROLINA HERRERA-212 VIP BLACK-MAS;1
381;REP-CAROLINA HERRERA-212 VIP RED-MAS;
488;REP-CAROLINA HERRERA-212 VIP ROSE I LOVE NY-FEM;2
487;REP-CAROLINA HERRERA-212 VIP ROSE RED-FEM;1
484;REP-CAROLINA HERRERA-212 VIP ROSE-FEM;1
489;REP-CAROLINA HERRERA-212 VIP WILD PARTY-FEM;2
385;REP-CAROLINA HERRERA-212 VIP WILD PARTY-MAS;1
738;REP-CAROLINA HERRERA-212 VIP WINS-MAS;1
485;REP-CAROLINA HERRERA-212 VIP-FEM;1
384;REP-CAROLINA HERRERA-212 VIP-MAS;3
483;REP-CAROLINA HERRERA-212-FEM;1
383;REP-CAROLINA HERRERA-212-MAS;3
736;REP-CAROLINA HERRERA-BAD BOY-MAS;1
365;REP-CAROLINA HERRERA-CH MEN-MAS;2
442;REP-CAROLINA HERRERA-CH-FEM;1
1090;REP-CAROLINA HERRERA-GOOD GIRL BLUSH ELIXIR-FEM;1
475;REP-CAROLINA HERRERA-GOOD GIRL BLUSH FASHION AMARILLA-FEM;
526;REP-CAROLINA HERRERA-GOOD GIRL BLUSH-FEM;1
742;REP-CAROLINA HERRERA-GOOD GIRL FANTASTIC PINK-FEM;1
740;REP-CAROLINA HERRERA-GOOD GIRL GOLD-FEM;
435;REP-CAROLINA HERRERA-GOOD GIRL-FEM;1
337;REP-CAROLINA HERRERA-LA BOMBA-FEM;2
469;REP-CASAMORATI-ITALICA-UNI;1
424;REP-CHANEL-ALLURE SPORT-MAS;1
391;REP-CHANEL-BLEU DE CHANEL-MAS;2
494;REP-CHANEL-CHANCE-FEM;1
492;REP-CHANEL-CHANEL N5-FEM;1
493;REP-CHANEL-COCO MADEMOISELLE-FEM;1
375;REP-CHRISTIAN DIOR-FAHRENHEIT-MAS;2
470;REP-CHRISTIAN DIOR-JADORE-FEM;1
353;REP-CHRISTIAN DIOR-SAUVAGE DIOR-MAS;
366;REP-CREED-AVENTUS-MAS;2
364;REP-CREED-GREEN IRISH TWEED-MAS;1
367;REP-CREED-SILVER MOUNTAIN WATER-MAS;2
441;REP-CREED-SPRING FLOWER-FEM;1
361;REP-CREED-VIRGIN ISLAND WATER-MAS;1
969;REP-CRISTIAN DIOR-MISS DIOR-FEM;1
423;REP-DIESEL-DIESEL PLUS PLUS-MAS;1
823;REP-DIESEL-DIESEL SORBETTO ROSSO-FEM;
760;REP-DIESEL-KARPOS-UNI;1
464;REP-DIESEL-LOQUITO POR TI-FEM;
360;REP-DIESEL-ONLY THE BRAVE-MAS;1
387;REP-DIESEL-SPIRIT THE BRAVE-MAS;1
741;REP-DOLCE Y GABBANA-DEVOTION-FEM;1
348;REP-DOLCE Y GABBANA-K-MASC;2
431;REP-DOLCE Y GABBANA-LIGHT BLUE ITALIAN LOVE-FEM;1
390;REP-DOLCE Y GABBANA-LIGHT BLUE ITALIAN ZEST-MAS;
432;REP-DOLCE Y GABBANA-LIGHT BLUE-FEM;2
389;REP-DOLCE Y GABBANA-LIGHT BLUE-MAS;2
508;REP-DOLCE Y GABBANA-Q-FEM;
439;REP-DONNA KARAN-BE DELICIOUS-FEM;
968;REP-DUMONT PARIS NITRO RED-MAS;2
477;REP-ESCADA-AGUA DE SOL-FEM;1
570;REP-ESCADA-MIAMI BLOSSOM-FEM;1
746;REP-ESCADA-SORBETTO ROSSO-FEM;2
904;REP-GIARDINI DI TOSCANA-BIANCO LATTE-UNI;3
857;REP-GIORGIO ARMANI-ACQUA DI GIO ABSOLU-MAS;1
374;REP-GIORGIO ARMANI-ACQUA DI GIO PROFONDO-MAS;2
373;REP-GIORGIO ARMANI-ACQUA DI GIO PROFUMO-MAS;1
372;REP-GIORGIO ARMANI-ACQUA DI GIO-MAS;1
491;REP-GIORGIO ARMANI-AIR DI GIOIA-FEM;1
407;REP-GIORGIO ARMANI-ARMANI CODE-MAS;1
437;REP-GIORGIO ARMANI-IN LOVE WITH YOU-FEM;1
806;REP-GIORGIO ARMANI-MY WAY-FEM;1
512;REP-GIORGIO ARMANI-SI-FEM;1
1091;REP-GIORGIO ARMANI-STRONGER WITH YOU INTENSE-MAS;1
351;REP-GIVENCHY-GIVENCHY POUR HOMME-MAS;1
418;REP-HUGO BOSS-BOSS BOTTLED NIGHT-MAS;1
417;REP-HUGO BOSS-BOSS BOTTLED UNLIMITED-MAS;2
378;REP-HUGO BOSS-BOSS IN MOTION-MAS;1
416;REP-HUGO BOSS-BOSS THE SCENT ABSOLUTE-MAS;1
805;REP-HUGO BOSS-DARK BLUE-MAS;1
419;REP-HUGO BOSS-HUGO MAN-MAS;1
498;REP-HUGO BOSS-XX-FEM;1
415;REP-HUGO BOSS-XY-MAS;1
467;REP-ILMIN-IL OOMPH-UNI;1
406;REP-ISSEY MIYAKE-ISSEY MIYAKE POLARIS-MAS;1
503;REP-ISSEY MIYAKE-ISSEY MIYAKE-FEM;1
404;REP-ISSEY MIYAKE-ISSEY MIYAKE-MAS;2
472;REP-JEAN PAUL GAULTIER-CLASSIQUE-FEM;1
902;REP-JEAN PAUL GAULTIER-DIVINE-FEM;1
769;REP-JEAN PAUL GAULTIER-JEAN PAUL GAULTIER LE MALE-MAS;1
434;REP-JEAN PAUL GAULTIER-LA BELLE-FEM;1
377;REP-JEAN PAUL GAULTIER-LE BEAU-MAS;1
949;REP-JEAN PAUL GAULTIER-LE MALE ELIXIR-MAS;2
459;REP-JEAN PAUL GAULTIER-SCANDAL GOLD-FEM;1
460;REP-JEAN PAUL GAULTIER-SCANDAL-FEM;1
354;REP-JEAN PAUL GAULTIER-SCANDAL-MAS;1
376;REP-JEAN PAUL GAULTIER-ULTRA MALE-MAS;2
778;REP-JESUS DEL POZO-HALLOWEEN-FEM;1
427;REP-JUICY COUTURE-VIVA LA JUICY-FEM;1
811;REP-KATY PERRY-MEOW WHITE-FEM;1
513;REP-KATY PERRY-MEOW-FEM;1
747;REP-KATY PERRY-PURR ROSADA-FEM;1
810;REP-KENZO-FLOWER-FEM;
829;REP-KITS ARIANA GRANDE CLOUD-FEM;1
1093;REP-KITS ARIANA GRANDE THANK U NEXT-FEM;1
1092;REP-KITS ARIANA GRANDE-SWEET LIKE CANDY-FEM;1
826;REP-KITS BRITNEY SPEARS FANTASY-FEM;
601;REP-KITS CAROLINA HERRERA 212 VIP ROSE-FEM;1
555;REP-KITS CAROLINA HERRERA 212 VIP-MAS;
605;REP-KITS CAROLINA HERRERA 212-MAS;1
771;REP-KITS CAROLINA HERRERA GOOD GIRL-FEM;
604;REP-KITS HUGO BOSS BOSS BOTTLED UNLIMITED-MAS;1
557;REP-KITS ISSEY MIYAKE ISSEY MIYAKE-MAS;1
828;REP-KITS JEAN PAUL GAULTIER SCANDAL-MAS;1
603;REP-KITS LACOSTE LACOSTE RED-MAS;1
831;REP-KITS LATTAFA AMETHYST-UNI;1
835;REP-KITS LATTAFA ASAD-MAS;
837;REP-KITS LATTAFA HONOR Y GLORY-UNI;1
832;REP-KITS LATTAFA SUBLIME-UNI;
967;REP-KITS LATTAFA YARA CANDY-FEM;
833;REP-KITS LATTAFA YARA-FEM;1
834;REP-KITS MONTALE STARRY NIGHT-FEM;1
599;REP-KITS MOSCHINO TOY 2 BUBBLE GUM-FEM;
830;REP-KITS MOSCHINO TOY 2 PEARL-UNI;
561;REP-KITS MOSCHINO TOY 2-FEM;
559;REP-KITS MOSCHINO TOY BOY-MAS;1
836;REP-KITS ORIENTICA AMBER ROUGE-UNI;
827;REP-KITS ORIENTICA VELVET GOLD-FEM;1
602;REP-KITS PACO RABANNE 1 MILLION LUCKY-MAS;
558;REP-KITS PACO RABANNE 1 MILLION-MAS;
556;REP-KITS PACO RABANNE INVICTUS-MAS;
772;REP-KITS PACO RABANNE OLYMPEA-FEM;
560;REP-KITS PARIS HILTON CAN CAN-FEM;1
600;REP-KITS PARIS HILTON PARIS HILTON-FEM;
370;REP-LACOSTE-ESSENTIAL-MAS;1
371;REP-LACOSTE-LACOSTE BLANC-MAS;1
369;REP-LACOSTE-LACOSTE NOIR-MAS;1
368;REP-LACOSTE-LACOSTE RED-MAS;1
496;REP-LACOSTE-NATURAL-FEM;1
495;REP-LACOSTE-SPARKLING-FEM;1
509;REP-LACOSTE-TOUCH OF PINK-FEM;1
436;REP-LANCOME-LA VIDA ES BELLA-FEM;1
761;REP-LATTAFA-AJWAD PINK TO PINK-UNI;
762;REP-LATTAFA-AJWAD-UNI;1
539;REP-LATTAFA-AMETHYST-UNI;2
957;REP-LATTAFA-ART OF UNIVERSE-UNI;2
932;REP-LATTAFA-ASAD BOURBON-MAS;2
340;REP-LATTAFA-ASAD ELIXIR-MAS;2
732;REP-LATTAFA-ASAD ZANZIBAR-MAS;1
531;REP-LATTAFA-ASAD-MAS;2
814;REP-LATTAFA-BERRY ON TOP-FEM;1
443;REP-LATTAFA-ECLAIRE-FEM;1
192;REP-LATTAFA-EMEER-UNI;1
466;REP-LATTAFA-ETERNAL OUD-UNI;1
163;REP-LATTAFA-FAKHAR BLACK-MAS;1
937;REP-LATTAFA-FAKHAR GOLD-UNI;2
202;REP-LATTAFA-FAKHAR ROSE-FEM;1
848;REP-LATTAFA-HAYA-FEM;1
950;REP-LATTAFA-HER CONFESSION-FEM;1
961;REP-LATTAFA-HIS CONFESSION-MAS;1
529;REP-LATTAFA-HONOR Y GLORY-UNI;1
934;REP-LATTAFA-KHAMRAH DUKHAN-UNI;3
879;REP-LATTAFA-KHAMRAH QAHWA-UNI;2
554;REP-LATTAFA-KHAMRAH-UNI;3
473;REP-LATTAFA-MAAHIR-MAS;
863;REP-LATTAFA-MAYAR NATURAL INTENSE-FEM;
862;REP-LATTAFA-MAYAR-FEM;1
938;REP-LATTAFA-MUSAMAM WHITE INTENSE-UNI;1
341;REP-LATTAFA-MUSAMAN-UNI;1
877;REP-LATTAFA-NOBLE BLUSH-FEM;1
530;REP-LATTAFA-OUD FOR GLORY-UNI;2
856;REP-LATTAFA-OUD ROSES-UNI;
528;REP-LATTAFA-QAED AL FURSAN-UNI;1
849;REP-LATTAFA-SHAHEEN GOLD-UNI;1
540;REP-LATTAFA-SUBLIME-UNI;2
960;REP-LATTAFA-TERIAQ INTENSE-UNI;2
971;REP-LATTAFA-VICTORIA-UNI;1
876;REP-LATTAFA-YARA CANDY-FEM;3
787;REP-LATTAFA-YARA ELIXIR-FEM;2
532;REP-LATTAFA-YARA MOI-FEM;1
534;REP-LATTAFA-YARA TOUS-FEM;1
533;REP-LATTAFA-YARA-FEM;3
545;REP-LE LABO-BERGAMOTE 22-UNI;1
452;REP-LE LABO-SANTAL 33-UNI;1
358;REP-LOEWE-SOLO-MAS;1
965;REP-LOUIS VUITTON CALIFORNIA- FEM;
421;REP-LOUIS VUITTON-OMBRE NOMADE-MAS;1
444;REP-LOUIS VUITTON-SPELL ON YOU-FEM;1
451;REP-MAISON FRANCIS KURKDJIAN-BACCARAT ROUGE 540-UNI;1
454;REP-MANCERA-INSTANT CRUSH-UNI;1
809;REP-MANCERA-ROSES VAINILLE-FEM;1
514;REP-MARC JACOBS-DECADENCE-FEM;
386;REP-MERCEDEZ BENZ-INTENSE-MAS;
511;REP-MERCEDEZ BENZ-MERCEDEZ BENZ INTENSE-FEM;1
411;REP-MONTALE-ARABIANS TONKA-UNI;
543;REP-MONTALE-INTENSE CAFE-FEM;1
544;REP-MONTALE-STARRY NIGHT-FEM;1
924;REP-MONTBLANC-EXPLORER-MAS;1
420;REP-MONTBLANC-LEGEND SPIRIT-MAS;2
362;REP-MONTBLANC-STARWALKER-MAS;1
479;REP-MOSCHINO-CHEAP I LOVE LOVE-FEM;1
481;REP-MOSCHINO-FRESH GOLD-FEM;
478;REP-MOSCHINO-FRESH PINK-FEM;
428;REP-MOSCHINO-FUNNY-FEM;1
519;REP-MOSCHINO-TOY 2 BUBBLE GUM-FEM;1
480;REP-MOSCHINO-TOY 2 PEARL-UNI;1
520;REP-MOSCHINO-TOY 2-FEM;1
401;REP-MOSCHINO-TOY BOY-MAS;2
355;REP-NAUTICA-NAUTICA VOYAGE-MAS;1
541;REP-NUSUK-ANA AL AWWAL BLUE-UNI;1
542;REP-NUSUK-ANA AL AWWAL RED-UNI;1
552;REP-ORIENTICA-AMBER NOIR-UNI;1
549;REP-ORIENTICA-AMBER ROUGE-UNI;2
550;REP-ORIENTICA-OUD SAFFRON-UNI;
546;REP-ORIENTICA-ROYAL AMBER-UNI;1
553;REP-ORIENTICA-ROYAL BLEU-UNI;1
551;REP-ORIENTICA-VELVET GOLD-FEM;1
408;REP-PACO RABANNE-1 MILLION ELIXIR-MAS;
801;REP-PACO RABANNE-1 MILLION GOLDEN OUD-MAS;1
392;REP-PACO RABANNE-1 MILLION LUCKY-MAS;2
409;REP-PACO RABANNE-1 MILLION PRIVE-MAS;1
410;REP-PACO RABANNE-1 MILLION ROYAL-MAS;1
412;REP-PACO RABANNE-1 MILLION-MAS;3
399;REP-PACO RABANNE-BLACK XS AFRODISIAQUE-MAS;1
430;REP-PACO RABANNE-BLACK XS BLAON EXCESS-FEM;
400;REP-PACO RABANNE-BLACK XS LEXCES-MAS;2
398;REP-PACO RABANNE-BLACK XS-MAS;2
510;REP-PACO RABANNE-FAME-FEM;1
397;REP-PACO RABANNE-INVICTUS INTENSE-MAS;1
356;REP-PACO RABANNE-INVICTUS LEGEND-MASC;2
395;REP-PACO RABANNE-INVICTUS VICTORY ELIXIR-MAS;1
737;REP-PACO RABANNE-INVICTUS VICTORY-MAS;1
396;REP-PACO RABANNE-INVICTUS-MAS;2
445;REP-PACO RABANNE-LADY MILLION-FEM;1
906;REP-PACO RABANNE-MILLION GOLD-MAS;
500;REP-PACO RABANNE-OLYMPEA-FEM;1
402;REP-PACO RABANNE-PHANTOM-MAS;1
346;REP-PACO RABANNE-PURE XS-MAS;1
1014;REP-PACO RABBANNE BLACK XS- FEM;
440;REP-PARFUMS DE MARLY-DELINA EXCLUSIF-FEM;1
547;REP-PARFUMS DE MARLY-KALAN-UNI;1
548;REP-PARFUMS DE MARLY-LAYTON-UNI;1
538;REP-PARFUMS DE MARLY-PEGASUS-MAS;1
962;REP-PARIS CORNER-MARSHMALLOW-FEM;1
438;REP-PARIS HILTON-CAN CAN-FEM;2
447;REP-PARIS HILTON-DAZZLE-FEM;1
502;REP-PARIS HILTON-GOLD RUSH-FEM;1
490;REP-PARIS HILTON-HEIRESS-FEM;1
476;REP-PARIS HILTON-PARIS HILTON-FEM;1
349;REP-PARIS HILTON-PARIS HILTON-MAS;1
160;REP-PARIS HILTON-ROSE RUSH-FEM;
405;REP-PENHALIGONS-LORD GEORGE-MAS;
448;REP-PEPE JEANS-CELEBRATE-FEM;1
449;REP-PEPE JEANS-PEPE JEANS LONDON-FEM;
457;REP-PERRY ELLIS-360 CLASICA-FEM;1
393;REP-PERRY ELLIS-360 CLASICA-MASC;1
388;REP-RALPH LAUREN-POLO BLUE-MAS;1
394;REP-RALPH LAUREN-POLO RED-MAS;2
521;REP-RALPH LAUREN-RALPH FRESH-FEM;1
516;REP-RALPH LAUREN-RALPH-FEM;1
770;REP-RASASI-HAWAS FOR HER-FEM;1
763;REP-RASASI-HAWAS FOR HIM-MAS;2
639;REP-RAVE-NOW WOMAN-FEM;1
825;REP-SOFIA VERGARA-SOFIA-FEM;1
403;REP-TED LAPIDUS PARIS-LAPIDUS-MAS;1
748;REP-THIERRY MUGLER-ALIEN-FEM;1
429;REP-TOMMY HILFIGER-TOMMY NOW GIRL-FEM;1
499;REP-VALENTINO-DONNA-FEM;
339;REP-VALENTINO-UOMO BORN IN ROMA INTENSE-MAS;2
766;REP-VALENTINO-UOMO BORN IN ROMA-MAS;3
815;REP-VALENTINO-UOMO-MAS;1
780;REP-VERSACE-BRIGHT CRYSTAL ABSOLU-FEM;1
501;REP-VERSACE-BRIGHT CRYSTAL-FEM;1
379;REP-VERSACE-DYLAN BLUE-MAS;
808;REP-VERSACE-DYLAN PURPLE-FEM;2
363;REP-VERSACE-EAU FRAICHE-MAS;1
425;REP-VERSACE-EROS FLAME-MAS;1
426;REP-VERSACE-EROS-MAS;2
450;REP-VERSACE-YELLOW DIAMOND-FEM;1
749;REP-VICTORIA SECRET-BOMBSHELL INTENSE-FEM;
807;REP-VICTORIA SECRET-BOMBSHELL SEDUCTION-FEM;
517;REP-VICTORIA SECRET-BOMBSHELL-FEM;1
359;REP-VICTORINOX-SWISS ARMY CLASSIC-MAS;2
357;REP-VIKTOR ROLF-SPICEBOMB-MAS;1
824;REP-XERJOFF-ERBA PURA-UNI;1
777;REP-YVES SAINT LAURENT-YVES SAINT LAURENT-MAS;1
379;BOLSA ECOLÓGICA GRANDE;1064
378;BOLSA ECOLÓGICA PEQUEŃA;928
462;CAJA 100 ML;342
461;CAJA 30-50 ML;282
382;ENVASE LACOSTE 100ML;934
380;ENVASE-LACOSTE 30ML;740
469;ENVASE-LACOSTE 50 ML;950
470;BONO REGALO;
421;COD DISPONIBLE;27
419;CREMA-SATINADA BRILLO;4
370;FEROMONAS;5
371;MUSK TAHARA;21
578;ORI-CREMA INEBRIANTE-FEM;1
579;ORI-CREMA STRAX-UNI;2
512;ORI-VS CREMA AMBER APERITIF-FEM;1
321;ORI-VS CREMA AMBER ROMANCE-FEM;1
322;ORI-VS CREMA AQUA KISS-FEM;
319;ORI-VS CREMA BARE VAINILLA-FEM;3
320;ORI-VS CREMA COCONUT PASSION-FEM;2
318;ORI-VS CREMA LOVE SPELL-FEM;1
323;ORI-VS CREMA MIDNIGHT BLOOM-FEM;1
514;ORI-VS CREMA NEON TROPIC-FEM;1
317;ORI-VS CREMA PURE SEDUCTION-FEM;2
511;ORI-VS CREMA ROMANTIC-FEM;1
510;ORI-VS CREMA RUSH-FEM;1
316;ORI-VS CREMA VELVET PETALS-FEM;2
513;ORI-VS CREMA WILD NEROLI-FEM;1
506;ORI-VS SPLASH AMBER APERITIF-FEM;1
312;ORI-VS SPLASH AMBER ROMANCE-FEM;1
315;ORI-VS SPLASH AQUA KISS-FEM;
309;ORI-VS SPLASH BARE VAINILLA-FEM;3
310;ORI-VS SPLASH COCONUT PASSION-FEM;3
508;ORI-VS SPLASH ELECTRIC MANGO-FEM;1
314;ORI-VS SPLASH LOVE SPELL-FEM;1
311;ORI-VS SPLASH MIDNIGHT BLOOM-FEM;2
509;ORI-VS SPLASH NEON TROPIC-FEM;1
308;ORI-VS SPLASH PURE SEDUCTION-FEM;1
505;ORI-VS SPLASH ROMANTIC-FEM;1
504;ORI-VS SPLASH RUSH-FEM;1
307;ORI-VS SPLASH STRAWBERRIES CHAMP-FEM;2
503;ORI-VS SPLASH TEMPTATION-FEM;1
313;ORI-VS SPLASH VELVET PETALS-FEM;1
507;ORI-VS SPLASH WILD NEROLI-FEM;1
467;PERFUME-CABELLO MAGIC SHINE;9
369;PM-SHIMMER PINK-FEM;
368;PM-SHIMMER SCANDAL-FEM;
367;PM-SHIMMER VELVET PETALS-FEM;
374;PM-SPLASH AQUA KISS-FEM;4
385;PM-SPLASH ARRURU-UNI;
442;PM-SPLASH BATMAN-NIŃO;4
383;PM-SPLASH BLUE SQUAD-NIŃO;3
290;PM-SPLASH BOSS BOTTLED UNL-MAS;9
446;PM-SPLASH BUBBLE GUMMER-UNI;1
304;PM-SPLASH BUENA CHICA-FEM;3
302;PM-SPLASH CAN CAN-FEM;5
443;PM-SPLASH CAPITAN AMERICA-NIŃO;3
465;PM-SPLASH CARNAVAL 62-FEM;3
526;PM-SPLASH CARNAVAL 68-FEM;8
301;PM-SPLASH CHOCOLATE-FEM;8
303;PM-SPLASH COCONUT PASSION-FEM;6
376;PM-SPLASH COOL BOY-NIŃO;2
440;PM-SPLASH FROZEN-NIŃA;1
295;PM-SPLASH FRUITS-FEM;6
386;PM-SPLASH GLAM ANGEL-NIŃA;6
300;PM-SPLASH HEIRESS-FEM;8
292;PM-SPLASH INVICTUS-MAS;7
296;PM-SPLASH JUICED BERRY-FEM;4
288;PM-SPLASH LACOSTE RED-MAS;6
306;PM-SPLASH MANGO-FEM;8
444;PM-SPLASH MARIO BROSS-NIŃO;1
439;PM-SPLASH MONSTER HIGH-NIŃA;2
291;PM-SPLASH NAUTICO-MAS;6
384;PM-SPLASH PHANTOM LEGION-NIŃO;1
324;PM-SPLASH PINK CHIFFON-FEM;5
289;PM-SPLASH POWER MIX-MAS;5
441;PM-SPLASH PRINCESA SOFIA-NIŃA;6
298;PM-SPLASH PURE SEDUCTION-FEM;4
297;PM-SPLASH SANDIA-FEM;5
293;PM-SPLASH SCANDALOUS-FEM;7
445;PM-SPLASH SUAVE CARICIA-UNI;6
589;PM-SPLASH TALCO-FEM;6
305;PM-SPLASH V DAME AMOR-FEM;3
294;PM-SPLASH V RUSH-FEM;8
377;PM-SPLASH VAINILLA LACE-NIŃA;2
299;PM-SPLASH VAINILLA-FEM;10
373;PM-SPLASH VELVET PETALS-FEM;8
375;PM-SPLASH WOOD NOIR-MAS;7
715;PURPURE-BRILLI BRILLI-BOM BOM DORADO;4
680;PURPURE-BRILLI BRILLI-COCO BLANCO;
681;PURPURE-BRILLI BRILLI-FRUTAL MORADO;
682;PURPURE-BRILLI BRILLI-VAINILLA ROJO;
702;PURPURE-KITS-VAINILLA CAKE;
718;PURPURE-MANTEQUILLA-CANDY BUM;4
716;PURPURE-MANTEQUILLA-COCONUT SHINE;2
717;PURPURE-MANTEQUILLA-GIRLBOSS;1
701;PURPURE-MANTEQUILLA-SWEET LYCHEE;
692;PURPURE-MINI MANTEQUILLA BELLOTA-BUBBLE GUM;
694;PURPURE-MINI MANTEQUILLA BELLOTA-CANDY BUM;
693;PURPURE-MINI MANTEQUILLA BELLOTA-CARAMEL CRUSH;1
695;PURPURE-MINI MANTEQUILLA BELLOTA-STRAWBERRY;5
714;PURPURE-MINI MANTEQUILLA BELLOTA-WATERMELON;4
722;PURPURE-MINI MANTEQUILLA-ADDICTION GIRL;6
719;PURPURE-MINI MANTEQUILLA-BIRTHDAY CAKE;6
720;PURPURE-MINI MANTEQUILLA-CANDY BUM;6
699;PURPURE-MINI MANTEQUILLA-COCONUT SHINE;6
698;PURPURE-MINI MANTEQUILLA-GIRLBOSS;4
700;PURPURE-MINI MANTEQUILLA-SEXY CHAMPAGNE;5
721;PURPURE-MINI MANTEQUILLA-SWEET LYCHEE;5
696;PURPURE-MINI MANTEQUILLA-VAINILLA DREAMS;3
697;PURPURE-MINI MANTEQUILLA-WATERMELON;6
690;PURPURE-MINI SPLASH-ADDICTION GIRL;3
688;PURPURE-MINI SPLASH-BIRTHDAY CAKE;1
713;PURPURE-MINI SPLASH-BUBBLE GUM;4
686;PURPURE-MINI SPLASH-CANDY BUM;7
689;PURPURE-MINI SPLASH-COCONUT SHINE;1
687;PURPURE-MINI SPLASH-SEXY CHAMPAGNE;3
691;PURPURE-MINI SPLASH-SWEET LYCHEE;
683;PURPURE-MINI SPLASH-VAINILLA DREAMS;1
636;REP-SPLASH ACRILICOS-1 MILLON-MAS;1
644;REP-SPLASH ACRILICOS-AMBER OUD GOLD-UNI;1
645;REP-SPLASH ACRILICOS-AMETHYSTE-UNI;2
641;REP-SPLASH ACRILICOS-ARI-FEM;1
639;REP-SPLASH ACRILICOS-ASAD-MAS;1
635;REP-SPLASH ACRILICOS-BHARARA KING-MAS;2
640;REP-SPLASH ACRILICOS-CLOUD-FEM;2
654;REP-SPLASH ACRILICOS-CLUB DE NUIT INTENSE-MAS;1
648;REP-SPLASH ACRILICOS-DELINHA-FEM;1
643;REP-SPLASH ACRILICOS-EMEER-UNI;1
651;REP-SPLASH ACRILICOS-HAYA-FEM;1
650;REP-SPLASH ACRILICOS-HEIRES-FEM;
652;REP-SPLASH ACRILICOS-HONOR Y GLORY-UNI;1
637;REP-SPLASH ACRILICOS-INVICTUS-MAS;
653;REP-SPLASH ACRILICOS-MANDARIN SKY-MAS;
638;REP-SPLASH ACRILICOS-NAUTICA VOYAGE-MAS;2
647;REP-SPLASH ACRILICOS-SANTAL 33-UNI;
649;REP-SPLASH ACRILICOS-STARRY NIGHT-UNI;1
642;REP-SPLASH ACRILICOS-SWEET LIKE CANDY-FEM;1
646;REP-SPLASH ACRILICOS-TOY PEARL-UNI;1
634;REP-SPLASH ACRILICOS-UOMO BORN IN ROMA-MAS;
405;SPLASH-BODY SPRAY YARA-FEM;3
595;VIDAN-CREMA TOCADOR-29K AMBER;3
593;VIDAN-CREMA TOCADOR-29K LOVELY;2
594;VIDAN-CREMA TOCADOR-29K SPELL;3
592;VIDAN-CREMA TOCADOR-29K VAINILLA;3
596;VIDAN-CREMA TOCADOR-BOMBOM;2
591;VIDAN-CREMA TOCADOR-FLOWER DREAMS;2
466;VIDAN-CREMA TOCADOR-MANGO DREAMS;2
590;VIDAN-CREMA TOCADOR-PURE DREMS;2
420;VIDAN-MANTEQUILLA BLIME-COCO;2
605;VIDAN-MANTEQUILLA BLIME-FRESH;2
604;VIDAN-MANTEQUILLA BLIME-FRUTOS ROJOS;2
603;VIDAN-MANTEQUILLA BLIME-MANDARINA;
602;VIDAN-MANTEQUILLA BLIME-MARACUYA;1
613;VIDAN-MANTEQUILLA BLIME-NARANJA;2
601;VIDAN-MANTEQUILLA BLIME-PIŃA COLADA;2
611;VIDAN-MANTEQUILLA BRILLO-29K AMBER;1
614;VIDAN-MANTEQUILLA BRILLO-29K AQUA;2
610;VIDAN-MANTEQUILLA BRILLO-29K LOVELY;1
609;VIDAN-MANTEQUILLA BRILLO-29K VAINILLA;1
612;VIDAN-MANTEQUILLA BRILLO-BOMBOM;1
607;VIDAN-MANTEQUILLA BRILLO-COCO DREAMS;
606;VIDAN-MANTEQUILLA BRILLO-MANGO DREAMS;1
608;VIDAN-MANTEQUILLA BRILLO-PURE DREAMS;1
525;VIDAN-MANTEQUILLA BRILLO-SKY DREAMS;4
624;VIDAN-MINI CREMA SHIMMER-29K AMBER;2
626;VIDAN-MINI CREMA SHIMMER-29K BOMB;1
622;VIDAN-MINI CREMA SHIMMER-29K LOVELY;3
623;VIDAN-MINI CREMA SHIMMER-29K SPELL;3
621;VIDAN-MINI CREMA SHIMMER-29K VAINILLA;2
625;VIDAN-MINI CREMA SHIMMER-BOMBOM;4
618;VIDAN-MINI CREMA SHIMMER-COCO DREAMS;2
619;VIDAN-MINI CREMA SHIMMER-FLOWER DREAMS;2
617;VIDAN-MINI CREMA SHIMMER-MANGO DREAMS;3
620;VIDAN-MINI CREMA SHIMMER-PURE DREAMS;3
616;VIDAN-MINI CREMA SHIMMER-SKY DREAMS;2
615;VIDAN-MINI MANTEQUILLA-BABY DREAMS;1
598;VIDAN-MINI MANTEQUILLA-DOLL DREAMS;2
597;VIDAN-MINI MANTEQUILLA-NIGHT DREAMS;2
599;VIDAN-MINI MANTEQUILLA-SHINE DREAMS;4
600;VIDAN-MINI MANTEQUILLA-SUGAR DREAMS;3
468;VIDAN-MINI MANTEQUILLA-WAVES;6
656;VIDAN-MINI SPLASH-29K AMBER;
658;VIDAN-MINI SPLASH-29K AQUA;
655;VIDAN-MINI SPLASH-29K BOMB;
657;VIDAN-MINI SPLASH-29K SPELL;
661;VIDAN-MINI SPLASH-BOMBOM;
659;VIDAN-MINI SPLASH-MANGO DREAMS;
660;VIDAN-MINI SPLASH-PURE DREAMS;
476;AGUA DE LINOS-ALGODON;4
477;AGUA DE LINOS-FRESCURA DE ALGODON;4
474;AGUA DE LINOS-FRUTOS ROJOS;9
472;AGUA DE LINOS-GOLD;6
475;AGUA DE LINOS-TAF PINK;6
473;AGUA DE LINOS-VAINILLA;7
328;AROMATIZANTE-ALGODON;3
332;AROMATIZANTE-CHICLE BOMBON;5
563;AROMATIZANTE-CITRONELA LEMON;6
330;AROMATIZANTE-COCO;7
334;AROMATIZANTE-FRUITS;6
329;AROMATIZANTE-FRUTOS ROJOS;1
331;AROMATIZANTE-KIWI;8
471;AROMATIZANTE-LAVANDA FRESH;3
333;AROMATIZANTE-VAINILLA;6
515;DIFUSOR-AMBROSIA VAINILLA;5
554;DIFUSOR-BRISA TROPICAL;4
342;DIFUSOR-CAFE MOCKA;
343;DIFUSOR-CITRUS;5
553;DIFUSOR-ELEGANT;5
555;DIFUSOR-FRESCA BRISA;7
338;DIFUSOR-FRUTOS ROJOS;1
341;DIFUSOR-KIWI;3
344;DIFUSOR-KOLA PINK;3
552;DIFUSOR-MANZANA CANELA;3
336;DIFUSOR-MARACUYA;5
340;DIFUSOR-MELON;2
335;DIFUSOR-PIŃA;3
345;DIFUSOR-PINO;9
556;DIFUSOR-ROJOS SILVESTRES;4
417;DIFUSOR-TUTTY FRUTTY;6
337;DIFUSOR-VAINILLA;3
339;DIFUSOR-VAINILLA TOST;3
346;ESENCIA HS-BLACK BERRY;7
351;ESENCIA HS-BRISA MARINA;2
354;ESENCIA HS-CASCARA MANDARINA;4
357;ESENCIA HS-COCO VAINILLA;3
348;ESENCIA HS-FANTASIA FRUTAL;
350;ESENCIA HS-FLORES ALGODON;2
347;ESENCIA HS-FRUTOS AMARILLOS;5
355;ESENCIA HS-FRUTOS ROJOS;2
356;ESENCIA HS-MARACUYA;3
353;ESENCIA HS-MENTA FRESCA;
352;ESENCIA HS-ROLLOS CANELA;2
349;ESENCIA HS-TUTTY FRUTTY;
362;ESENCIA PB-CANELA;2
359;ESENCIA PB-CANNES AIR;2
366;ESENCIA PB-COCO;2
360;ESENCIA PB-FRAMBUESA;
363;ESENCIA PB-FRESCO BAMBOO;
365;ESENCIA PB-LIMON;2
358;ESENCIA PB-SANDALO;3
361;ESENCIA PB-TUTTY FRUTTY;1
364;ESENCIA PB-VAINILLA;1
372;PEBETERO;9
705;PM CARRO-ARANDANO MORA CAR;4
497;PM CARRO-AUDI;1
498;PM CARRO-CHEVROLET;1
326;PM CARRO-FRESCO CHUSPIANTE;4
327;PM CARRO-SANDIA FRAPE;7
496;PM CARRO-TOYOTA;1
325;PM CARRO-XTREME CAR;2
551;COD DISPONIBLE;8
159;COD DISPONIBLE;
459;DECANT 10 ML;20
458;DECANT 5 ML;16
413;EXT-AFNAN-9 PM REBEL-UNI;275
460;EXT-AFNAN-9 PM-MAS;374
88;EXT-AHLI-CORVUS-FEM;315
89;EXT-AHLI-KARPOS-UNI;134
87;EXT-AHLI-PEGASUS-UNI;206
90;EXT-AHLI-VEGA-UNI;218
92;EXT-AL HARAMAIN AMBER OUD DUBAI NIGHT-MAS;491
91;EXT-AL HARAMAIN-AMBER OUD AQUA DUBAI-UNI;223
93;EXT-AL HARMAIN-AMBER OUD GOLD EDITION-UNI;263
94;EXT-ANTONIO BANDERAS-BLUE SEDUCTION-MAS;137
381;EXT-ARIANA GRANDE-ANGEL KISS-FEM;337
95;EXT-ARIANA GRANDE-CLOUD PINK-FEM;365
96;EXT-ARIANA GRANDE-CLOUD-FEM;359
97;EXT-ARIANA GRANDE-SWEET LIKE CANDY-FEM;267
98;EXT-ARIANA GRANDE-THANK U NEXT-FEM;278
99;EXT-ARMAF-CLUB DE NUIT INTENSE-MAS;326
564;EXT-ARMAF-CLUB DE NUIT MALEKA-FEM;311
585;EXT-ARMAF-ISLAND BREEZE-FEM;230
494;EXT-ARMAF-ODYSSEY CHOCOLAT-UNI;182
410;EXT-ARMAF-ODYSSEY MANDARIN SKY-MAS;119
416;EXT-ARMAF-YUM YUM-FEM;224
100;EXT-AZZARO-AZZARO POUR HOMME-MAS;109
101;EXT-BBW-CRAZY FOR YOU-FEM;265
102;EXT-BHARARA-BHARARA BLEU-MAS;224
415;EXT-BHARARA-BHARARA CHOCOLATE-UNI;274
103;EXT-BHARARA-BHARARA KING-MAS;408
678;EXT-BHARARA-BHARARA NICHE-UNI;200
406;EXT-BHARARA-BHARARA ROSE-FEM;242
104;EXT-BOND N9-BLEECKER STREET-UNI;102
711;EXT-BORNTOSTANDOUT-DRUNK LOVERS-UNI;250
105;EXT-BRITNEY SPEARS-FANTASY-FEM;179
106;EXT-BRITNEY SPEARS-MIDNIGHT FANTASY-FEM;39
108;EXT-BURBERRY-BURBERRY HER-FEM;243
109;EXT-BURBERRY-BURBERRY-FEM;279
110;EXT-BVLGARI-AQVA MARINE-MAS;196
111;EXT-BVLGARI-BLV-FEM;136
112;EXT-BVLGARI-BVLGARI MAN IN BLACK-MAS;239
113;EXT-BVLGARI-OMNIA CORAL-FEM;158
114;EXT-BVLGARI-OMNIA CRYSTALLINE-FEM;273
115;EXT-BVLGARI-OMNIA PINK SAPPHIRE-FEM;196
116;EXT-CALVIN KLEIN-CK ONE-UNI;71
117;EXT-CALVIN KLEIN-CKIN2U-FEM;175
118;EXT-CAROLINA HERRERA-212 HEROES FOREVER-MAS;294
119;EXT-CAROLINA HERRERA-212 HEROES-FEM;262
120;EXT-CAROLINA HERRERA-212 SEXY-FEM;142
121;EXT-CAROLINA HERRERA-212 VIP BLACK RED-MAS;194
122;EXT-CAROLINA HERRERA-212 VIP BLACK-MAS;332
123;EXT-CAROLINA HERRERA-212 VIP PARTY FEVER-MAS;214
124;EXT-CAROLINA HERRERA-212 VIP ROSE RED-FEM;215
125;EXT-CAROLINA HERRERA-212 VIP ROSE-FEM;372
126;EXT-CAROLINA HERRERA-212 VIP-FEM;195
127;EXT-CAROLINA HERRERA-212 VIP-MAS;482
128;EXT-CAROLINA HERRERA-212-FEM;154
129;EXT-CAROLINA HERRERA-212-MAS;350
130;EXT-CAROLINA HERRERA-BAD BOY COBALT-MAS;230
131;EXT-CAROLINA HERRERA-BAD BOY-MAS;187
132;EXT-CAROLINA HERRERA-CAROLINA HERRERA-FEM;250
133;EXT-CAROLINA HERRERA-CH-FEM;254
134;EXT-CAROLINA HERRERA-CH-MAS;210
135;EXT-CAROLINA HERRERA-GOOD GIRL BLUSH-FEM;182
136;EXT-CAROLINA HERRERA-GOOD GIRL-FEM;221
561;EXT-CAROLINA HERRERA-LA BOMBA-FEM;241
137;EXT-CASAMORATI-BOUQUET IDEALE-FEM;263
138;EXT-CHANEL-ALLURE SPORT-MAS;170
139;EXT-CHANEL-BLEU DE CHANEL-MAS;164
550;EXT-CHANEL-CHANCE EAU TENDRE-FEM;73
140;EXT-CHANEL-CHANCE-FEM;150
141;EXT-CHANEL-COCO MADEMOISELLE-FEM;165
142;EXT-CHANEL-N5-FEM;239
147;EXT-CHRISTIAN DIOR-DIOR HOMME INTENSE-MAS;169
143;EXT-CHRISTIAN DIOR-FAHRENHEIT-MAS;132
144;EXT-CHRISTIAN DIOR-JADORE-FEM;149
145;EXT-CHRISTIAN DIOR-MISS DIOR BOUQUET-FEM;207
146;EXT-CHRISTIAN DIOR-SAUVAGE ELIXIR-MAS;208
148;EXT-CHRISTIAN DIOR-SAUVAGE-MAS;313
149;EXT-CREED-AVENTUS HER-FEM;225
150;EXT-CREED-AVENTUS-MAS;377
500;EXT-CREED-QUEEN OF SILK-FEM;351
151;EXT-CREED-SILVER MOUNTAIN WATER-MAS;225
152;EXT-CRISTIANO RONALDO-CR7 ORIGINIS-MAS;102
153;EXT-CRISTIANO RONALDO-LEGACY-MAS;157
154;EXT-DIESEL-BAD INTENSE-MAS;204
155;EXT-DIESEL-DIESEL PLUS PLUS-MAS;146
156;EXT-DOLCE Y GABBANA-K-MAS;306
157;EXT-DOLCE Y GABBANA-LIGHT BLUE-FEM;122
560;EXT-DUMONT PARIS-NITRO ELIXIR-MAS;111
584;EXT-DUMONT PARIS-NITRO RED-MAS;175
158;EXT-ESCADA-AGUA DE SOL-FEM;531
547;EXT-ESCADA-MIAMI BLOSSOM-FEM;361
160;EXT-ESCADA-SORBETTO ROSSO-FEM;258
161;EXT-ESCADA-TAJ SUNSET-FEM;321
162;EXT-ESIKA-DORSAY-MAS;204
163;EXT-FACONNABLE-FACONNABLE-MAS;211
164;EXT-GIARDINI DI TOSCANA-BIANCO LATTE-UNI;417
165;EXT-GILLES CANTUEL-ARSENAL-MAS;210
166;EXT-GIORGIO ARMANI-ACQUA DI GIO PROFONDO-MAS;268
167;EXT-GIORGIO ARMANI-ACQUA DI GIO-MAS;66
168;EXT-GIORGIO ARMANI-STRONGER WITH YOU-MAS;370
169;EXT-GIVENCHY-GIVENCHY BLUE-MAS;183
170;EXT-GIVENCHY-GIVENCHY-MAS;187
171;EXT-GUCCI-GUCCI GUILTY POUR HOMME-MAS;279
172;EXT-HUGO BOSS-BOSS BOTTLED NIGHT-MAS;171
173;EXT-HUGO BOSS-BOSS BOTTLED UNLIMITED-MAS;276
174;EXT-HUGO BOSS-HUGO BOSS-MAS;215
175;EXT-HUGO BOSS-HUGO RED-MAS;493
679;EXT-ILMIN-IL FEMME-UNI;200
176;EXT-ISSEY MIYAKE-ISSEY MIYAKE-FEM;339
177;EXT-ISSEY MIYAKE-ISSEY MIYAKE-MAS;149
178;EXT-JEAN PASCAL-JEAN PASCAL-MAS;255
412;EXT-JEAN PAUL GAULTIER-DIVINE-FEM;203
179;EXT-JEAN PAUL GAULTIER-JEAN PAUL GAULTIER LE MALE-MAS;154
180;EXT-JEAN PAUL GAULTIER-LE BEAU-MAS;153
181;EXT-JEAN PAUL GAULTIER-LE MALE ELIXIR-MAS;126
182;EXT-JEAN PAUL GAULTIER-SCANDAL-FEM;281
183;EXT-JEAN PAUL GAULTIER-SCANDAL-MAS;256
184;EXT-JEAN PAUL GAULTIER-ULTRA MALE-MAS;304
185;EXT-KAJAL-ALMAZ-UNI;214
409;EXT-KAJAL-DAHAB-FEM;339
186;EXT-KENZO-FLOWER BY KENZO-FEM;181
187;EXT-KIM KARDASHIAN-BFF-FEM;362
188;EXT-LACOSTE-LACOSTE BLANC-MAS;164
189;EXT-LACOSTE-LACOSTE ESSENTIAL-MAS;223
190;EXT-LACOSTE-LACOSTE NOIR-MAS;144
191;EXT-LACOSTE-LACOSTE RED-MAS;153
192;EXT-LACOSTE-LACOSTE WOMAN-FEM;259
193;EXT-LACOSTE-TOUCH OF PINK-FEM;258
194;EXT-LANCOME-LA VIDA ES BELLA FLORAL-FEM;159
195;EXT-LANCOME-LA VIDA ES BELLA-FEM;122
478;EXT-LATTAFA-AFEEF-UNI;370
197;EXT-LATTAFA-AL NOBLE AMEER-UNI;163
198;EXT-LATTAFA-AMETHYST-UNI;280
557;EXT-LATTAFA-ART OF UNIVERSE-UNI;243
199;EXT-LATTAFA-ASAD-MAS;210
709;EXT-LATTAFA-BERRY ON TOP-FEM;193
588;EXT-LATTAFA-ECLAIRE-FEM;258
204;EXT-LATTAFA-EMEER-UNI;137
200;EXT-LATTAFA-HAYA-FEM;439
201;EXT-LATTAFA-HONOR Y GLORY-UNI;237
549;EXT-LATTAFA-KHAMRAH DUKHAN-UNI;147
202;EXT-LATTAFA-KHAMRAH-UNI;212
559;EXT-LATTAFA-MALLOW MADNESS-FEM;282
495;EXT-LATTAFA-MAYAR-FEM;310
196;EXT-LATTAFA-NOBLE BLUSH-FEM;407
203;EXT-LATTAFA-OUD FOR GLORY-UNI;162
205;EXT-LATTAFA-QAED AL FURSAN-UNI;387
206;EXT-LATTAFA-RAMZ SILVER-UNI;145
207;EXT-LATTAFA-SHAHEEN GOLD-UNI;177
208;EXT-LATTAFA-SUBLIME-UNI;219
712;EXT-LATTAFA-TERIAQ INTENSE-UNI;150
562;EXT-LATTAFA-VAINILLA FREAK-FEM;157
411;EXT-LATTAFA-VICTORIA-UNI;87
209;EXT-LATTAFA-YARA CANDY-FEM;148
710;EXT-LATTAFA-YARA ELIXIR-FEM;237
210;EXT-LATTAFA-YARA-FEM;217
211;EXT-LE LABO-SANTAL 33-UNI;322
212;EXT-LOEWE-SOLO-MAS;425
213;EXT-LOLITA LEMPICKA-LOLITA LEMPICKA-FEM;158
214;EXT-LORENZO PAZZAGLIA-SUMMER HAMMER-UNI;203
464;EXT-LORENZO PAZZAGLIA-SUN GRIA-UNI;177
414;EXT-LOUIS VOUITTON-IMAGINATION-MAS;216
215;EXT-LOUIS VOUITTON-L´IMMENSITE-MAS;211
501;EXT-LOUIS VOUITTON-OMBRE NOMADE-MAS;128
216;EXT-MAISON CRIVELLI-OUD MARACUJA-UNI;96
217;EXT-MAISON FRANCIS KURKDJIAN-BACCARAT ROUGE 540-UNI;209
418;EXT-MANCERA-RED TOBACCO-UNI;179
218;EXT-MARC JACOBS-DAISY LOVE-FEM;259
219;EXT-MONTALE-ARABIANS TONKA-UNI;174
220;EXT-MONTALE-NEPAL AOUD-FEM;209
221;EXT-MONTALE-STARRY NIGHT-FEM;248
222;EXT-MONTBLANC-STARWALKER-MAS;338
223;EXT-MOSCHINO-MOSCHINO FOREVER-MAS;209
224;EXT-MOSCHINO-TOY 2 BUBBLE GUM-FEM;156
225;EXT-MOSCHINO-TOY 2 PEARL-UNI;165
226;EXT-MOSCHINO-TOY 2-FEM;84
227;EXT-MOSCHINO-TOY BOY-MAS;171
228;EXT-NAUTICA-NAUTICA VOYAGE-MAS;237
229;EXT-ORIENTICA-AMBER ROUGE-UNI;296
230;EXT-ORIENTICA-VELVET GOLD-FEM;253
231;EXT-OSCAR DE LA RENTA-OSCAR DE LA RENTA-MAS;117
232;EXT-PACO RABANNE-1 MILLION ELIXIR-MAS;359
233;EXT-PACO RABANNE-1 MILLION INTENSE-MAS;166
234;EXT-PACO RABANNE-1 MILLION LUCKY-MAS;247
235;EXT-PACO RABANNE-1 MILLION PRIVE-MAS;142
236;EXT-PACO RABANNE-1 MILLION ROYAL-MAS;348
237;EXT-PACO RABANNE-1 MILLION-MAS;382
238;EXT-PACO RABANNE-BLACK XS AFRODISIACA-MAS;304
239;EXT-PACO RABANNE-BLACK XS-MAS;266
240;EXT-PACO RABANNE-FAME-FEM;150
241;EXT-PACO RABANNE-INVICTUS INTENSE-MAS;236
242;EXT-PACO RABANNE-INVICTUS LEGEND-MAS;106
502;EXT-PACO RABANNE-INVICTUS VICTORY ABSOLU-MAS;309
243;EXT-PACO RABANNE-INVICTUS VICTORY ELIXIR-MAS;49
244;EXT-PACO RABANNE-INVICTUS VICTORY-MAS;158
245;EXT-PACO RABANNE-INVICTUS-MAS;39
246;EXT-PACO RABANNE-LADY MILLION GOLD-FEM;273
247;EXT-PACO RABANNE-LADY MILLION-FEM;236
248;EXT-PACO RABANNE-OLYMPEA-FEM;145
249;EXT-PACO RABANNE-PHANTOM INTENSE-MAS;192
250;EXT-PACO RABANNE-PURE XS-FEM;276
251;EXT-PACO RABANNE-PURE XS-MAS;181
587;EXT-PARFUMS DE MARLY-ALTHAIR-MAS;287
252;EXT-PARFUMS DE MARLY-DELINA-FEM;126
253;EXT-PARFUMS DE MARLY-KALAN-UNI;163
254;EXT-PARFUMS DE MARLY-LAYTON-UNI;274
255;EXT-PARIS HILTON-CAN CAN-FEM;257
256;EXT-PARIS HILTON-DAZZLE-FEM;114
257;EXT-PARIS HILTON-HEIRESS-FEM;252
258;EXT-PARIS HILTON-PARIS HILTON-FEM;291
259;EXT-PARIS HILTON-ROSE RUSH-FEM;154
260;EXT-PERRY ELLIS-360 PURPLE-FEM;276
261;EXT-PERRY ELLIS-360-FEM;225
262;EXT-PERRY ELLIS-360-MAS;178
558;EXT-PRADA-PARADOXE-FEM;333
263;EXT-RALPH LAUREN-POLO BLUE-MAS;226
264;EXT-RALPH LAUREN-POLO RED-MAS;265
265;EXT-RALPH LAUREN-RALPH-FEM;239
499;EXT-SABRINA CARPENTER-SWEET TOOTH-FEM;152
266;EXT-SELENA GOMEZ-SELENA GOMEZ-FEM;222
267;EXT-SHAKIRA-ELIXIR-FEM;207
268;EXT-SOFIA VERGARA-SOFIA-FEM;307
269;EXT-TED LAPIDUS-LAPIDUS POUR HOMME-MAS;230
270;EXT-THIERRY MUGLER-ANGEL-FEM;113
271;EXT-THIERRY MUGLER-ANGEL-MAS;93
272;EXT-TOMMY HILFIGER-TOMMY GIRL-FEM;169
273;EXT-TOMMY HILFIGER-TOMMY-MAS;257
479;EXT-VALENTINO-DONNA BORN ROMA EXTRADOSE-FEM;284
548;EXT-VALENTINO-DONNA CLASICA-FEM;197
274;EXT-VALENTINO-UOMO BORN IN ROMA INTENSE-MAS;171
275;EXT-VERSACE-BRIGHT CRYSTAL-FEM;194
276;EXT-VERSACE-DYLAN PURPLE-FEM;426
277;EXT-VERSACE-DYLAN TURQUOISE-FEM;238
408;EXT-VERSACE-EROS ENERGY-MAS;150
278;EXT-VERSACE-EROS-MAS;291
279;EXT-VICTORIA SECRET-BOMBSHELL-FEM;199
280;EXT-VICTORIA SECRET-COCONUT PASSION-FEM;300
281;EXT-VICTORINOX-SWISS ARMY-MAS;49
282;EXT-XERJOFF-ERBA PURA-UNI;183
407;EXT-XERJOFF-NAXOS-UNI;249
283;EXT-YANBAL-OHM-MAS;290
284;EXT-YANBAL-SOLO-MAS;213
285;EXT-YVES SAINT LAURENT-BABYCAT-FEM;260
286;EXT-YVES SAINT LAURENT-BLACK OPIUM-FEM;261
287;EXT-YVES SAINT LAURENT-Y-MAS;213
2;ORI-AFNAN-9 AM DIVE-UNI;1
490;ORI-AFNAN-9 PM ELIXIR-MAS;3
723;ORI-AFNAN-9 PM NIGHT OUT-MAS;2
449;ORI-AFNAN-9 PM REBEL-UNI;1
3;ORI-AFNAN-9 PM-MAS;2
489;ORI-AFNAN-KIANA CRUSH-FEM;3
390;ORI-AFNAN-ORNAMENT-FEM;2
4;ORI-AGATHA RUIZ PRADA-GOTAS DE COLOR-FEM;2
704;ORI-AHLI-OVERDOSE-UNI;
5;ORI-AL HARAMAIN-AMBER OUD GOLD-UNI;2
436;ORI-AL REHAB-CHOCO MUSK-UNI;1
6;ORI-ANTONIO BANDERAS-BLUE SEDUCTION-FEM;2
7;ORI-ANTONIO BANDERAS-BLUE SEDUCTION-MAS;
488;ORI-ARABIYAT PRESTIGE-ASHAA NEROLI-UNI;2
482;ORI-ARABIYAT PRESTIGE-FONDUE LAVA LUSH-UNI;3
486;ORI-ARABIYAT PRESTIGE-HABIB-MAS;2
487;ORI-ARABIYAT PRESTIGE-HABIBA-FEM;3
397;ORI-ARABIYAT PRESTIGE-LA DI DA-FEM;3
398;ORI-ARABIYAT PRESTIGE-LA DI DA-MAS;2
483;ORI-ARABIYAT PRESTIGE-LUTFAH FIRST LOVE-FEM;3
396;ORI-ARABIYAT PRESTIGE-MAHAD AL DHAHAB-UNI;3
8;ORI-ARIANA GRANDE-CLOUD PINK-FEM;1
9;ORI-ARIANA GRANDE-CLOUD-FEM;
10;ORI-ARIANA GRANDE-SWEET LIKE CANDY-FEM;
11;ORI-ARIANA GRANDE-THANK U NEXT-FEM;1
729;ORI-ARMAF-BON BON-FEM;2
668;ORI-ARMAF-CLUB DE NUIT BLING-MAS;3
517;ORI-ARMAF-CLUB DE NUIT ICONIC-MAS;3
12;ORI-ARMAF-CLUB DE NUIT INTENSE-MAS;
399;ORI-ARMAF-CLUB DE NUIT MALEKA-FEM;3
527;ORI-ARMAF-CLUB DE NUIT PRECIEUX IV-FEM;2
13;ORI-ARMAF-CLUB DE NUIT SILLAGE-UNI;2
567;ORI-ARMAF-CLUB DE NUIT UNTOLD-UNI;2
427;ORI-ARMAF-CLUB DE NUIT WOMAN-FEM;2
542;ORI-ARMAF-ISLAND BLISS-FEM;2
531;ORI-ARMAF-ISLAND BREEZE-FEM;3
14;ORI-ARMAF-ODYSSEY AQUA-MAS;2
15;ORI-ARMAF-ODYSSEY CANDEE-FEM;
516;ORI-ARMAF-ODYSSEY MANDARIN SKY ELIXIR-MAS;3
16;ORI-ARMAF-ODYSSEY MANDARIN SKY-MAS;
392;ORI-ARMAF-ODYSSEY WHITE EDITION-MAS;3
403;ORI-ARMAF-SPACE AGE-FEM;
391;ORI-ARMAF-TAG HER-FEM;1
543;ORI-ARMAF-TAG HIM UOMO ROSSO-MAS;2
17;ORI-ARMAF-YUM YUM-FEM;2
18;ORI-AZZARO-AZZARO POUR HOMME-MAS;1
726;ORI-AZZARO-WANTED BY NIGHT-MAS;2
19;ORI-BEVERLY HILLS-TOUCH-FEM;1
480;ORI-BH MAST PERFUME-GORGEOUS BLUSH-FEM;2
663;ORI-BH MAST PERFUME-IVORY-MAS;3
532;ORI-BH MAST PERFUME-ROME EXTRADOSE-MAS;1
666;ORI-BH MAST PERFUME-ROME PARADOXE-FEM;3
402;ORI-BH MAST PERFUME-ROME POUR FEMME-FEM;3
438;ORI-BH MAST PERFUME-ROME POUR HOMME-MAS;2
538;ORI-BHARARA-CHAMPAGNE PINK-FEM;2
485;ORI-BHARARA-ENIGMA-UNI;2
20;ORI-BHARARA-KING-MAS;2
519;ORI-BHARARA-NICHE FEMME-FEM;1
568;ORI-BHARARA-NICHE-UNI;3
21;ORI-BILLIE EILISH-EILISH-FEM;1
22;ORI-BRITNEY SPEARS-FANTASY-FEM;1
428;ORI-BURBERRY-BURBERRY CLASSIC-FEM;3
447;ORI-BURBERRY-BURBERRY HER-FEM;1
523;ORI-BVLGARI-OMNIA PINK SAPHIRE-FEM;
453;ORI-CALVIN KLEIN-CK BE-MAS;2
23;ORI-CALVIN KLEIN-CK IN2U-FEM;2
452;ORI-CALVIN KLEIN-CK ONE-UNI;1
546;ORI-CALVIN KLEIN-CK SHOCK-FEM;
581;ORI-CAROLINA HERRERA-212 SEXY-FEM;1
429;ORI-CAROLINA HERRERA-212 VIP ROSE-FEM;1
24;ORI-CAROLINA HERRERA-212 VIP-MAS;
25;ORI-CAROLINA HERRERA-212-MAS;1
26;ORI-CAROLINA HERRERA-GOOD GIRL-FEM;
27;ORI-CRISTIANO RONALDO-CR7 ORIGINS-MAS;
29;ORI-DIESEL-DIESEL PLUS-MAS;1
28;ORI-DIESEL-DIESEL ZERO PLUS-FEM;1
703;ORI-DIESEL-DIESEL ZERO PLUS-MAS;1
425;ORI-DOLCE GABBANA-KING-MAS;1
426;ORI-DOLCE GABBANA-LIGHT BLUE-FEM;1
667;ORI-DUMONT PARIS-NITRO ELIXIR-MAS;
664;ORI-DUMONT PARIS-NITRO RED INTENSELY-MAS;3
30;ORI-DUMONT PARIS-NITRO RED POUR HOMME-MAS;
481;ORI-DUMONT PARIS-SOPRANO ICE-UNI;2
541;ORI-EMPER-ARABIA BON VOYAGE-FEM;2
31;ORI-EMPER-STALLION 53-UNI;1
32;ORI-ESCADA-SORBETTO ROSSO-FEM;1
33;ORI-FCB BARCELONA-UNI;
535;ORI-FRAGANCE WORLD-AETHER EXTRAIT-UNI;2
393;ORI-FRAGANCE WORLD-CARAMEL MACCHIATO-UNI;3
530;ORI-FRAGANCE WORLD-LIQUID BRUN-UNI;2
518;ORI-FRAGANCE WORLD-VENENO NEGRO-UNI;2
534;ORI-FRAGANCE WORLD-VULCAN BAIE-FEM;3
34;ORI-GILLES CANTUEL-ARSENAL BLUE-MAS;
35;ORI-GILLES CANTUEL-ARSENAL RED-MAS;1
423;ORI-GIORGIO ARMANI-ACQUA DI GIO PROFONDO EDP-MAS;2
665;ORI-GRANDEUR TUBBES-BERRY EXPLOSION-UNI;2
669;ORI-GRANDEUR TUBBES-PASSION FRUIT MOJITO-UNI;2
670;ORI-GRANDEUR TUBBES-STRAWBERRY CHEESECAKE-UNI;1
36;ORI-GUCCI-GUCCI GUILTY POUR HOMME-MAS;1
576;ORI-HINODE-EMPIRE ICON-MAS;
572;ORI-HINODE-EMPIRE Y CREMA-FEM;1
520;ORI-HINODE-INEBRIANTE-MAS;1
577;ORI-HINODE-KIT MINI EMPIRE-MAS;1
575;ORI-HINODE-LATTITUDE EXPEDITION-MAS;
569;ORI-HINODE-LURE-FEM;
571;ORI-HINODE-REBELLE MADNESS-FEM;
570;ORI-HINODE-SPOT SUNSET-FEM;
573;ORI-HINODE-VIBEZ-FEM;
574;ORI-HINODE-VIBEZ-MAS;
724;ORI-HUGO BOSS-HUGO MAN EXTREME-MAS;2
37;ORI-ISSEY MIYAKE-ISSEY MIYAKE-MAS;1
662;ORI-ISSEY MIYAKE-SET 2 PCS-MAS;1
38;ORI-JEAN PAUL GAULTIER-LE MALE ELIXIR-MAS;1
727;ORI-JEAN PAUL GAULTIER-SCANDAL INTENSE-FEM;1
39;ORI-JO MILANO-GAME OF SPADES ROYALE-UNI;2
431;ORI-KHADLAJ-ISLAND-UNI;2
40;ORI-LACOSTE- L12.12. BLANC-MAS;1
387;ORI-LACOSTE-TOUCH OF PINK-FEM;1
493;ORI-LATTAFA-AFEEF-UNI;1
41;ORI-LATTAFA-AJWAD-UNI;3
42;ORI-LATTAFA-AL NOBLE AMEER-UNI;
43;ORI-LATTAFA-AL NOBLE SAFEER-UNI;1
44;ORI-LATTAFA-AMETHYST-UNI;1
671;ORI-LATTAFA-ANGHAM-UNI;2
455;ORI-LATTAFA-ANSAAM GOLD-UNI;2
45;ORI-LATTAFA-ART OF UNIVERSE-UNI;2
536;ORI-LATTAFA-ASAD BOURBON-MAS;3
566;ORI-LATTAFA-ASAD ELIXIR-MAS;2
46;ORI-LATTAFA-ASAD-MAS;2
528;ORI-LATTAFA-ATHEERI-UNI;3
537;ORI-LATTAFA-BERRY ON TOP-UNI;1
448;ORI-LATTAFA-ECLAIRE-FEM;1
47;ORI-LATTAFA-EMEER-UNI;2
422;ORI-LATTAFA-FAKHAR GOLD EXT-UNI;2
48;ORI-LATTAFA-FAKHAR ROSE-FEM;3
49;ORI-LATTAFA-FAKHAR-MAS;
484;ORI-LATTAFA-FIRE ON ICE-UNI;2
50;ORI-LATTAFA-HAYA-FEM;1
394;ORI-LATTAFA-HAYAATI-MAS;1
51;ORI-LATTAFA-HER CONFESSION-FEM;1
52;ORI-LATTAFA-HONOR Y GLORY-UNI;3
672;ORI-LATTAFA-ISHQ AL SHUYUKH SILVER-MAS;1
424;ORI-LATTAFA-KHAMRAH DUKHAN-UNI;4
53;ORI-LATTAFA-KHAMRAH QAHWA-UNI;2
54;ORI-LATTAFA-KHAMRAH-UNI;3
533;ORI-LATTAFA-MALLOW MADNESS-UNI;3
454;ORI-LATTAFA-MAYAR CHERRY INTENSE-FEM;2
55;ORI-LATTAFA-MAYAR-FEM;2
582;ORI-LATTAFA-MUSAMAM WHITE INTENSE-UNI;3
456;ORI-LATTAFA-NEBRAS-UNI;3
56;ORI-LATTAFA-NOBLE BLUSH-FEM;2
57;ORI-LATTAFA-OUD FOR GLORY-UNI;2
673;ORI-LATTAFA-PISA-UNI;1
58;ORI-LATTAFA-QAED AL FURSAN UNLIMITED-UNI;2
430;ORI-LATTAFA-QAED AL FURSAN UNTAMED-UNI;2
59;ORI-LATTAFA-QAED AL FURSAN-UNI;1
401;ORI-LATTAFA-RAMZ SILVER-UNI;3
60;ORI-LATTAFA-SHAHEEN GOLD-UNI;1
61;ORI-LATTAFA-SUBLIME-UNI;2
451;ORI-LATTAFA-TERIAQ INTENSE-UNI;1
62;ORI-LATTAFA-THE KINGDOM-MAS;3
450;ORI-LATTAFA-VICTORIA-UNI;
63;ORI-LATTAFA-YARA CANDY-FEM;
565;ORI-LATTAFA-YARA ELIXIR-FEM;1
64;ORI-LATTAFA-YARA MOI-FEM;2
65;ORI-LATTAFA-YARA-FEM;3
539;ORI-MACARENA-ANARCHY THE REBEL ONE-FEM;1
395;ORI-MAISON ALHAMBRA-DELILAH BLANC-FEM;
66;ORI-MAISON ALHAMBRA-DELILAH-FEM;1
67;ORI-MAISON ALHAMBRA-JEAN LOWE IMMORTEL-MAS;
529;ORI-MAISON ALHAMBRA-JEAN LOWE VIBE-MAS;2
68;ORI-MONTBLANC-STARWALKER-MAS;
69;ORI-MOSCHINO-FRESH GOLD-FEM;
586;ORI-MOSCHINO-FUNNY-FEM;
70;ORI-NAUTICA-NAUTICA VOYAGE-MAS;4
71;ORI-NUSUK-ANA AL AWWAL WHITE-UNI;2
72;ORI-ORIENTICA-AMBER NOIR-UNI;1
73;ORI-ORIENTICA-AMBER ROUGE-UNI;2
674;ORI-ORIENTICA-DYNASTY-MAS;2
675;ORI-ORIENTICA-NOBLE-MAS;2
676;ORI-ORIENTICA-VICTORY-MAS;2
545;ORI-PACO RABANNE-1 MILLION ROYAL-MAS;
74;ORI-PACO RABANNE-1 MILLION-MAS;
75;ORI-PACO RABANNE-INVICTUS-MAS;1
728;ORI-PACO RABANNE-LADY MILLION-FEM;1
404;ORI-PARIS CORNER-MANGO BLISS-UNI;2
76;ORI-PARIS HILTON-CAN CAN-FEM;1
77;ORI-PARIS HILTON-HEIRESS-FEM;1
78;ORI-PARIS HILTON-PARIS HILTON-FEM;1
79;ORI-PARIS HILTON-ROSE RUSH-FEM;1
80;ORI-PERRY ELLIS-360 CLASICA-FEM;1
522;ORI-PERRY ELLIS-360 COLLECTION-FEM;
457;ORI-PERRY ELLIS-360 CORAL-FEM;
521;ORI-PERRY ELLIS-360 PURPLE-FEM;1
81;ORI-PINO SILVESTRE-PINO SILVESTRE ORIGINAL-MAS;2
677;ORI-RASASI-HAWAS ICE-MAS;
580;ORI-RASASI-HAWAS TROPICAL-MAS;1
544;ORI-RASASI-HAWAS-MAS;2
82;ORI-RAVE-NOW WOMAN-FEM;1
389;ORI-RAYHAAN-ELIXIR-UNI;3
400;ORI-RAYHAAN-PACIFIC AQUA-MAS;
388;ORI-RAYHAAN-TIGER-UNI;3
83;ORI-REAL MADRID-MAS;
434;ORI-SET CLUB DE NUIT INTENSE 4PCS-MAS;
432;ORI-SET KHAMRAH 3PCS-UNI;
492;ORI-SET MINI BADEE AL OUD COLLECTION-UNI;5
433;ORI-SET MINI ORIENTICA 5PCS-UNI;1
524;ORI-SET MINI VICTORIA SECRET-FEM;
491;ORI-SET MINI YARA COLLECTION-FEM;2
540;ORI-SET ODYSSEY MANDARIN SKY 4PCS-MAS;
435;ORI-SET TAG HER 4PCS-FEM;1
84;ORI-TED LAPIDUS PARIS-LAPIDUS-MAS;1
583;ORI-VALENTINO-UOMO BORN IN ROMA INTENSE-MAS;1
725;ORI-VERSACE-CRYSTAL NOIR-FEM;2
85;ORI-VERSACE-EROS CLASICA-MAS;1
86;ORI-VICTORINOX-SWISS ARMY CLASSIC-MAS;2
437;ORI-YARA MUKHAMARIA VASELINE-FEM;3
107;PRUEBA;653
629;REP-KITS 1 MILLON LUCKY-MAS;1
628;REP-KITS 1 MILLON-MAS;1
627;REP-KITS 212 VIP-MAS;1
633;REP-KITS AMBER ROUGE-UNI;
631;REP-KITS ASAD-MAS;1
630;REP-KITS INVICTUS-MAS;1
708;REP-KITS SWEET LIKE CANDY-FEM;1
632;REP-KITS TOY 2 BUBBLE GUM-FEM;
707;REP-KITS YARA CANDY-FEM;
706;REP-KITS YARA-FEM;
